MS SubClass,Lot Area,Street,Lot Config,House Style,Bldg Type,Overall Qual,Overall Cond,Year Built,Year Remod/Add,Foundation,TotRms AbvGrd,Fireplaces,Garage Area,Yr Sold,Sale Type,Sale Condition,SalePrice
20,31770,Pave,Corner,1Story,1Fam,6,5,1960,1960,CBlock,7,2,528.0,2010,WD ,Normal,215000
20,11622,Pave,Inside,1Story,1Fam,5,6,1961,1961,CBlock,5,0,730.0,2010,WD ,Normal,105000
20,14267,Pave,Corner,1Story,1Fam,6,6,1958,1958,CBlock,6,0,312.0,2010,WD ,Normal,172000
20,11160,Pave,Corner,1Story,1Fam,7,5,1968,1968,CBlock,8,2,522.0,2010,WD ,Normal,244000
60,13830,Pave,Inside,2Story,1Fam,5,5,1997,1998,PConc,6,1,482.0,2010,WD ,Normal,189900
60,9978,Pave,Inside,2Story,1Fam,6,6,1998,1998,PConc,7,1,470.0,2010,WD ,Normal,195500
120,4920,Pave,Inside,1Story,TwnhsE,8,5,2001,2001,PConc,6,0,582.0,2010,WD ,Normal,213500
120,5005,Pave,Inside,1Story,TwnhsE,8,5,1992,1992,PConc,5,0,506.0,2010,WD ,Normal,191500
120,5389,Pave,Inside,1Story,TwnhsE,8,5,1995,1996,PConc,5,1,608.0,2010,WD ,Normal,236500
60,7500,Pave,Inside,2Story,1Fam,7,5,1999,1999,PConc,7,1,442.0,2010,WD ,Normal,189000
60,10000,Pave,Corner,2Story,1Fam,6,5,1993,1994,PConc,7,1,440.0,2010,WD ,Normal,175900
20,7980,Pave,Inside,1Story,1Fam,6,7,1992,2007,PConc,6,0,420.0,2010,WD ,Normal,185000
60,8402,Pave,Inside,2Story,1Fam,6,5,1998,1998,PConc,7,1,393.0,2010,WD ,Normal,180400
20,10176,Pave,Inside,1Story,1Fam,7,5,1990,1990,PConc,5,1,506.0,2010,WD ,Normal,171500
120,6820,Pave,Corner,1Story,TwnhsE,8,5,1985,1985,PConc,4,0,528.0,2010,WD ,Normal,212000
60,53504,Pave,CulDSac,2Story,1Fam,8,5,2003,2003,PConc,12,1,841.0,2010,WD ,Normal,538000
50,12134,Pave,Inside,1.5Fin,1Fam,8,7,1988,2005,Wood,8,0,492.0,2010,WD ,Normal,164000
20,11394,Pave,Corner,1Story,1Fam,9,2,2010,2010,PConc,8,1,834.0,2010,New,Partial,394432
20,19138,Pave,Corner,1Story,1Fam,4,5,1951,1951,CBlock,4,0,400.0,2010,WD ,Normal,141000
20,13175,Pave,Inside,1Story,1Fam,6,6,1978,1988,CBlock,7,2,500.0,2010,WD ,Normal,210000
20,11751,Pave,Inside,1Story,1Fam,6,6,1977,1977,CBlock,7,1,546.0,2010,COD,Normal,190000
85,10625,Pave,Inside,SFoyer,1Fam,7,6,1974,1974,CBlock,6,2,528.0,2010,WD ,Family,170000
60,7500,Pave,Inside,2Story,1Fam,7,5,2000,2000,PConc,7,0,663.0,2010,WD ,Normal,216000
20,11241,Pave,CulDSac,1Story,1Fam,6,7,1970,1970,CBlock,5,1,480.0,2010,WD ,Normal,149000
20,12537,Pave,CulDSac,1Story,1Fam,5,6,1971,2008,CBlock,6,1,500.0,2010,WD ,Normal,149900
20,8450,Pave,Inside,1Story,1Fam,5,6,1968,1968,CBlock,6,1,304.0,2010,WD ,Normal,142000
20,8400,Pave,Corner,1Story,1Fam,4,5,1970,1970,CBlock,4,0,525.0,2010,WD ,Normal,126000
20,10500,Pave,FR2,1Story,1Fam,4,5,1971,1971,CBlock,5,1,0.0,2010,ConLI,Normal,115000
120,5858,Pave,FR2,1Story,TwnhsE,7,5,1999,1999,PConc,5,1,511.0,2010,WD ,Normal,184000
160,1680,Pave,Inside,2Story,Twnhs,6,5,1971,1971,CBlock,5,0,264.0,2010,COD,Normal,96000
160,1680,Pave,Inside,2Story,Twnhs,5,5,1971,1971,CBlock,6,0,320.0,2010,WD ,Normal,105500
160,1680,Pave,Inside,2Story,Twnhs,6,5,1971,1971,CBlock,6,0,264.0,2010,WD ,Family,88000
120,4043,Pave,Inside,1Story,TwnhsE,6,5,1977,1977,CBlock,4,1,440.0,2010,WD ,Normal,127500
160,2280,Pave,FR2,2Story,Twnhs,6,6,1975,1975,CBlock,6,1,440.0,2010,WD ,Normal,149900
120,2280,Pave,FR2,1Story,Twnhs,7,6,1975,1975,CBlock,4,0,308.0,2010,WD ,Normal,120000
160,2280,Pave,Inside,2Story,Twnhs,6,5,1978,1978,CBlock,7,1,440.0,2010,WD ,Normal,146000
60,12858,Pave,Inside,2Story,1Fam,9,5,2009,2010,PConc,10,1,751.0,2010,New,Partial,376162
20,11478,Pave,Inside,1Story,1Fam,8,5,2007,2008,PConc,7,1,772.0,2010,WD ,Normal,306000
20,10159,Pave,Inside,1Story,1Fam,9,5,2009,2010,PConc,8,1,606.0,2010,New,Partial,395192
20,12883,Pave,Corner,1Story,1Fam,8,5,2009,2010,PConc,7,0,868.0,2010,New,Partial,290941
20,12182,Pave,Corner,1Story,1Fam,7,5,2005,2005,PConc,7,1,532.0,2010,New,Partial,220000
20,11520,Pave,Inside,1Story,1Fam,9,5,2005,2005,PConc,7,1,730.0,2010,WD ,Normal,275000
20,14122,Pave,Inside,1Story,1Fam,8,5,2005,2006,PConc,8,1,678.0,2010,WD ,Normal,259000
20,10171,Pave,Inside,1Story,1Fam,7,5,2004,2004,PConc,7,0,532.0,2010,WD ,Normal,214000
20,12919,Pave,Inside,1Story,1Fam,9,5,2009,2010,PConc,11,2,820.0,2010,New,Partial,611657
120,6371,Pave,Inside,1Story,TwnhsE,7,5,2009,2010,PConc,6,1,484.0,2010,New,Partial,224000
20,14300,Pave,Inside,1Story,1Fam,9,5,2003,2004,PConc,10,2,958.0,2010,WD ,Normal,500000
60,13650,Pave,Corner,2Story,1Fam,8,5,2002,2002,PConc,7,1,756.0,2010,WD ,Normal,320000
120,7658,Pave,Inside,1Story,TwnhsE,9,5,2005,2005,PConc,6,1,576.0,2010,WD ,Normal,319900
120,7132,Pave,Inside,1Story,TwnhsE,8,5,2006,2006,PConc,6,1,484.0,2010,WD ,Normal,205000
160,2628,Pave,Inside,2Story,Twnhs,7,5,2003,2003,PConc,6,0,474.0,2010,WD ,Normal,175500
20,18494,Pave,Corner,1Story,1Fam,6,5,2005,2005,PConc,6,0,430.0,2010,WD ,Normal,199500
120,3203,Pave,Inside,1Story,TwnhsE,7,5,2006,2006,PConc,6,0,437.0,2010,WD ,Normal,160000
120,3182,Pave,Inside,1Story,TwnhsE,8,5,2004,2005,PConc,6,1,430.0,2010,WD ,Normal,192000
80,13300,Pave,Inside,SLvl,1Fam,7,5,2004,2004,PConc,7,1,400.0,2010,WD ,Normal,184500
60,7851,Pave,Inside,2Story,1Fam,6,5,2002,2002,PConc,8,2,440.0,2010,WD ,Normal,216500
60,8577,Pave,Inside,2Story,1Fam,7,5,2004,2004,PConc,7,1,433.0,2010,WD ,Normal,185088
80,7750,Pave,Inside,SLvl,1Fam,7,5,2000,2000,PConc,7,1,400.0,2010,WD ,Normal,180000
60,9505,Pave,CulDSac,2Story,1Fam,7,5,2001,2001,PConc,8,1,434.0,2010,WD ,Normal,222500
60,14774,Pave,Corner,2Story,1Fam,9,5,1999,1999,PConc,10,1,779.0,2010,WD ,Normal,333168
60,17433,Pave,CulDSac,2Story,1Fam,8,5,1998,1998,PConc,7,1,962.0,2010,WD ,Normal,355000
20,10593,Pave,Inside,1Story,1Fam,7,5,1996,1996,PConc,7,1,527.0,2010,WD ,Normal,260400
60,12256,Pave,Corner,2Story,1Fam,8,5,1994,1995,PConc,9,2,712.0,2010,WD ,Normal,325000
60,11764,Pave,CulDSac,2Story,1Fam,8,7,1999,2007,PConc,9,1,671.0,2010,WD ,Normal,290000
60,16770,Pave,CulDSac,2Story,1Fam,7,5,1998,1998,PConc,7,0,486.0,2010,WD ,Normal,221000
50,14720,Pave,CulDSac,1.5Fin,1Fam,8,5,1995,1996,PConc,9,1,666.0,2010,WD ,Normal,410000
20,8987,Pave,Inside,1Story,1Fam,8,5,2005,2006,PConc,6,1,880.0,2010,WD ,Normal,221500
20,9215,Pave,Inside,1Story,1Fam,7,5,2009,2010,PConc,4,0,676.0,2010,New,Partial,204500
60,8640,Pave,Inside,2Story,1Fam,7,5,2009,2009,PConc,7,0,614.0,2010,Con,Normal,215200
20,9000,Pave,Inside,1Story,1Fam,8,5,2008,2008,PConc,7,0,750.0,2010,WD ,Normal,262500
60,12552,Pave,Corner,2Story,1Fam,7,5,2004,2005,PConc,8,1,678.0,2010,WD ,Normal,254900
20,10440,Pave,Corner,1Story,1Fam,6,5,2005,2005,PConc,6,1,528.0,2010,WD ,Normal,271500
60,10142,Pave,Inside,2Story,1Fam,7,5,2004,2004,PConc,8,0,618.0,2010,WD ,Normal,233000
60,11920,Pave,Inside,2Story,1Fam,7,5,2004,2004,PConc,8,0,484.0,2010,WD ,Normal,181000
60,8880,Pave,Inside,2Story,1Fam,7,5,1994,2002,PConc,8,2,463.0,2010,WD ,Normal,205000
120,8012,Pave,Inside,1Story,TwnhsE,6,5,1980,1980,CBlock,5,1,264.0,2010,WD ,Normal,143000
60,11218,Pave,Inside,2Story,1Fam,6,5,1992,1992,PConc,8,1,462.0,2010,WD ,Normal,189000
120,7892,Pave,Inside,1Story,TwnhsE,6,5,1979,1979,CBlock,5,1,264.0,2010,WD ,Normal,99500
120,7175,Pave,Inside,1Story,TwnhsE,6,5,1984,1984,CBlock,4,0,264.0,2010,WD ,Normal,125000
60,9453,Pave,CulDSac,2Story,1Fam,7,7,1993,2003,PConc,7,0,457.0,2010,WD ,Normal,194500
20,9672,Pave,Corner,1Story,1Fam,6,5,1984,1985,PConc,6,0,480.0,2010,WD ,Normal,152000
60,8400,Pave,Inside,2Story,1Fam,6,6,1980,1981,CBlock,7,1,476.0,2010,WD ,Normal,171000
30,9800,Pave,Corner,1Story,1Fam,5,5,1920,1950,BrkTil,5,0,429.0,2010,WD ,Normal,67500
90,8930,Pave,Inside,1.5Fin,Duplex,6,5,1978,1978,Slab,8,0,539.0,2010,WD ,Normal,112000
85,11782,Pave,Inside,SFoyer,1Fam,5,7,1961,1995,CBlock,6,0,576.0,2010,WD ,Normal,148000
20,8450,Pave,Inside,1Story,1Fam,5,8,1965,2009,CBlock,5,1,336.0,2010,WD ,Normal,138500
20,9819,Pave,Inside,1Story,1Fam,5,5,1967,1967,CBlock,5,0,280.0,2010,WD ,Normal,122000
20,7500,Pave,Corner,1Story,1Fam,5,5,1963,1963,CBlock,5,0,308.0,2010,WD ,Normal,133000
20,6897,Pave,Corner,1Story,1Fam,5,8,1962,2010,CBlock,6,0,260.0,2010,WD ,Normal,127000
20,15410,Pave,CulDSac,1Story,1Fam,6,6,1974,2002,CBlock,7,2,461.0,2010,WD ,Abnorml,169000
60,10186,Pave,Inside,2Story,1Fam,7,5,1992,1992,PConc,8,1,564.0,2010,WD ,Normal,190000
60,13143,Pave,Inside,2Story,1Fam,8,5,1993,1993,PConc,9,1,762.0,2010,WD ,Normal,362500
60,11134,Pave,Inside,2Story,1Fam,8,5,1992,1993,PConc,7,1,713.0,2010,WD ,Normal,285000
120,4835,Pave,CulDSac,1Story,TwnhsE,7,5,2004,2005,PConc,6,1,506.0,2010,WD ,Normal,260000
160,3515,Pave,Inside,2Story,TwnhsE,7,5,2004,2004,PConc,3,0,588.0,2010,WD ,Normal,190000
160,3215,Pave,Inside,2Story,TwnhsE,7,5,2004,2004,PConc,4,0,480.0,2010,ConLD,Normal,155000
160,3182,Pave,Inside,2Story,TwnhsE,7,5,2004,2005,PConc,4,0,480.0,2010,WD ,Normal,151000
160,2544,Pave,Inside,2Story,Twnhs,7,5,2004,2005,PConc,4,0,480.0,2010,WD ,Normal,149500
160,2544,Pave,Inside,2Story,Twnhs,6,5,2005,2005,PConc,4,0,480.0,2010,WD ,Normal,152000
20,4403,Pave,Inside,1Story,1Fam,7,5,2009,2009,PConc,7,1,484.0,2010,New,Partial,222000
160,2117,Pave,Inside,2Story,Twnhs,6,5,2000,2000,PConc,5,0,440.0,2010,WD ,Normal,177500
160,2980,Pave,Corner,2Story,TwnhsE,6,5,2000,2000,PConc,5,0,440.0,2010,WD ,Normal,177000
160,2572,Pave,FR2,2Story,Twnhs,7,5,1999,1999,PConc,6,0,484.0,2010,WD ,Normal,155000
160,2403,Pave,FR2,2Story,TwnhsE,7,5,2003,2003,PConc,4,0,496.0,2010,WD ,Normal,147110
20,12853,Pave,Inside,1Story,1Fam,8,5,2010,2010,PConc,6,1,852.0,2010,New,Partial,267916
60,7379,Pave,Inside,2Story,1Fam,8,5,2000,2000,PConc,7,1,592.0,2010,WD ,Normal,254000
120,4420,Pave,CulDSac,1Story,TwnhsE,8,5,1980,1980,CBlock,3,1,484.0,2010,WD ,Normal,155000
120,3880,Pave,Inside,1Story,Twnhs,8,6,1978,1978,CBlock,4,1,484.0,2010,WD ,Normal,206000
60,13517,Pave,CulDSac,2Story,1Fam,6,8,1976,2005,CBlock,6,0,475.0,2010,WD ,Normal,130500
20,8000,Pave,Inside,1Story,1Fam,7,5,2002,2002,PConc,6,1,596.0,2010,WD ,Normal,230000
20,10456,Pave,Inside,1Story,1Fam,6,6,1967,1967,CBlock,8,0,535.0,2010,WD ,Normal,218500
60,10791,Pave,Inside,2Story,1Fam,6,5,1993,1993,PConc,9,1,660.0,2010,WD ,Normal,243500
20,10603,Pave,Inside,1Story,1Fam,6,7,1977,2001,PConc,6,2,480.0,2010,WD ,Normal,205000
50,18837,Pave,Inside,1.5Fin,1Fam,6,5,1978,1978,PConc,7,1,678.0,2010,WD ,Normal,212500
60,10421,Pave,Inside,2Story,1Fam,7,5,1988,1988,CBlock,7,1,496.0,2010,WD ,Normal,196500
20,9360,Pave,Inside,1Story,1Fam,6,7,1972,2006,CBlock,5,1,676.0,2010,WD ,Normal,197500
60,9600,Pave,Inside,2Story,1Fam,6,6,1971,1971,CBlock,7,0,441.0,2010,WD ,Normal,171000
20,9600,Pave,Inside,1Story,1Fam,5,5,1966,1966,CBlock,6,0,490.0,2010,WD ,Normal,142250
20,9790,Pave,Inside,1Story,1Fam,6,5,1963,1963,CBlock,6,2,528.0,2010,WD ,Normal,143000
20,9320,Pave,Inside,1Story,1Fam,4,5,1959,1959,CBlock,6,0,0.0,2010,WD ,Normal,128950
20,9900,Pave,Corner,1Story,1Fam,5,5,1966,1966,PConc,6,0,504.0,2010,ConLD,Normal,159000
20,9680,Pave,Inside,1Story,1Fam,5,6,1967,1967,CBlock,6,0,517.0,2010,WD ,Normal,178900
80,10600,Pave,Inside,SLvl,1Fam,6,5,1964,1964,CBlock,8,0,480.0,2010,COD,Family,136300
80,14112,Pave,Corner,SLvl,1Fam,5,7,1964,1964,PConc,6,1,484.0,2010,WD ,Normal,180500
85,8800,Pave,Inside,SFoyer,1Fam,6,7,1963,1963,PConc,6,0,480.0,2010,WD ,Abnorml,137500
90,13260,Pave,Inside,1Story,Duplex,5,6,1962,2001,CBlock,10,0,0.0,2010,Oth,Abnorml,84900
20,9717,Pave,Inside,1Story,1Fam,5,6,1950,1996,CBlock,5,0,240.0,2010,WD ,Normal,142125
50,9724,Pave,Inside,1.5Fin,1Fam,5,7,1952,2002,CBlock,7,2,400.0,2010,WD ,Normal,197600
50,17360,Pave,Corner,1.5Fin,1Fam,6,6,1949,1950,CBlock,6,1,470.0,2010,WD ,Normal,172500
20,7207,Pave,Inside,1Story,1Fam,5,7,1958,2008,CBlock,4,0,0.0,2010,WD ,Normal,116500
30,5350,Pave,Inside,1Story,1Fam,3,2,1940,1966,CBlock,6,0,0.0,2010,WD ,Normal,76500
20,9920,Pave,Inside,1Story,1Fam,5,5,1954,1954,CBlock,6,0,280.0,2010,WD ,Normal,128000
80,9600,Pave,Inside,SLvl,1Fam,6,6,1955,1972,CBlock,7,2,364.0,2010,WD ,Normal,153000
20,7800,Pave,Inside,1Story,1Fam,5,6,1954,1954,PConc,7,1,244.0,2010,WD ,Normal,132000
85,11380,Pave,Inside,SFoyer,1Fam,6,8,1966,2008,CBlock,5,1,315.0,2010,WD ,Normal,178000
90,11600,Pave,Corner,2Story,Duplex,5,5,1960,1960,CBlock,12,0,480.0,2010,WD ,Normal,154300
20,19900,Pave,Inside,1Story,1Fam,7,5,1970,1989,CBlock,7,1,576.0,2010,WD ,Normal,180000
20,16492,Pave,Corner,1Story,1Fam,6,6,1966,2002,CBlock,6,1,578.0,2010,WD ,Normal,190000
90,8267,Pave,Corner,1Story,Duplex,5,5,1958,1958,CBlock,8,0,576.0,2010,WD ,Normal,135000
20,8197,Pave,Inside,1Story,1Fam,7,5,2003,2009,PConc,7,0,620.0,2010,WD ,Normal,214000
20,8050,Pave,Inside,1Story,1Fam,5,5,1959,1959,CBlock,6,0,308.0,2010,WD ,Normal,136000
20,10552,Pave,Inside,1Story,1Fam,5,5,1959,1959,CBlock,6,1,447.0,2010,WD ,Normal,165500
20,8400,Pave,Inside,1Story,1Fam,5,6,1957,1957,CBlock,5,0,294.0,2010,WD ,Normal,145000
20,8760,Pave,Inside,1Story,1Fam,6,6,1959,1959,CBlock,6,0,312.0,2010,WD ,Normal,148000
20,12160,Pave,Inside,1Story,1Fam,5,5,1959,1959,CBlock,6,0,531.0,2010,COD,Abnorml,142000
20,9300,Pave,Inside,1Story,1Fam,5,5,1960,1960,CBlock,6,2,461.0,2010,WD ,Normal,167500
20,10725,Pave,Inside,1Story,1Fam,5,5,1959,1959,CBlock,6,0,312.0,2010,WD ,Normal,108538
20,10032,Pave,Inside,1Story,1Fam,6,5,1959,1959,CBlock,6,2,440.0,2010,WD ,Normal,159500
50,8382,Pave,Inside,1.5Fin,1Fam,4,5,1956,1956,CBlock,5,0,263.0,2010,WD ,Normal,108000
20,10950,Pave,Inside,1Story,1Fam,5,7,1952,1952,CBlock,4,0,318.0,2010,WD ,Normal,135000
20,10895,Pave,Corner,1Story,1Fam,5,6,1955,1955,CBlock,5,0,305.0,2010,WD ,Normal,122500
190,13587,Pave,Inside,1Story,2fmCon,5,5,1958,1958,CBlock,5,0,264.0,2010,WD ,Abnorml,119000
20,7922,Pave,Inside,1Story,1Fam,5,7,1953,2007,CBlock,5,0,246.0,2010,WD ,Abnorml,109000
30,7898,Pave,Corner,1Story,1Fam,4,7,1920,1994,BrkTil,4,0,676.0,2010,WD ,Normal,105000
20,7200,Pave,Inside,1Story,1Fam,5,7,1955,2007,Slab,5,1,392.0,2010,WD ,Normal,107500
20,10200,Pave,Inside,1Story,1Fam,5,7,1954,2003,CBlock,6,0,490.0,2010,WD ,Normal,144900
20,5868,Pave,Inside,1Story,1Fam,5,7,1956,2000,CBlock,4,0,308.0,2010,WD ,Normal,129000
50,17503,Pave,Inside,1.5Fin,1Fam,6,5,1948,1950,CBlock,6,1,330.0,2010,WD ,Abnorml,97500
90,6979,Pave,Inside,SFoyer,Duplex,6,5,1980,1980,CBlock,4,0,576.0,2010,WD ,Normal,144000
20,9830,Pave,Corner,1Story,1Fam,5,7,1959,2006,CBlock,7,1,576.0,2010,WD ,Normal,162000
80,11275,Pave,Corner,SLvl,1Fam,7,7,1967,2007,CBlock,11,1,564.0,2010,WD ,Normal,242000
50,8064,Pave,Inside,1.5Fin,1Fam,6,8,1948,2004,CBlock,5,0,280.0,2010,WD ,Normal,132000
20,7500,Pave,Inside,1Story,1Fam,5,7,1959,1994,CBlock,6,0,305.0,2010,WD ,Normal,154000
50,8520,Pave,Corner,1.5Fin,1Fam,5,4,1952,1952,CBlock,6,0,720.0,2010,WD ,Normal,166000
20,7200,Pave,Corner,1Story,1Fam,5,7,1951,2000,CBlock,5,0,576.0,2010,WD ,Normal,134800
20,10000,Pave,Corner,1Story,1Fam,6,6,1962,1962,CBlock,5,0,440.0,2010,WD ,Normal,160000
20,7635,Pave,Corner,1Story,1Fam,5,6,1960,1960,CBlock,6,0,484.0,2010,WD ,Normal,148000
20,9760,Pave,Inside,1Story,1Fam,6,7,1963,1984,CBlock,7,1,440.0,2010,WD ,Normal,192000
60,7700,Pave,Inside,2Story,1Fam,6,5,1966,1966,CBlock,7,1,442.0,2010,WD ,Normal,155000
50,4800,Pave,Corner,1.5Fin,1Fam,4,5,1900,1954,PConc,9,2,240.0,2010,COD,Abnorml,80400
50,8800,Pave,Corner,1.5Fin,1Fam,4,7,1910,2004,BrkTil,7,0,0.0,2010,WD ,Normal,96500
30,4485,Pave,Inside,1Story,1Fam,5,7,1920,1950,PConc,5,1,0.0,2010,WD ,Normal,109500
30,8960,Pave,Inside,1Story,1Fam,5,6,1927,1950,CBlock,5,1,360.0,2010,WD ,Normal,115000
20,5805,Pave,Inside,1Story,1Fam,5,7,1957,1957,CBlock,6,0,551.0,2010,WD ,Normal,143000
50,5790,Pave,Corner,2Story,1Fam,3,6,1915,1950,CBlock,8,0,379.0,2010,WD ,Normal,107400
30,4608,Pave,Corner,1Story,1Fam,4,6,1945,1950,CBlock,4,0,220.0,2010,WD ,Normal,80000
30,7200,Pave,Corner,1Story,1Fam,5,7,1940,1992,CBlock,4,2,240.0,2010,WD ,Abnorml,119000
50,5500,Pave,Corner,1.5Fin,1Fam,5,7,1929,2001,BrkTil,6,0,484.0,2010,WD ,Normal,130000
45,6900,Pave,Corner,1.5Fin,1Fam,6,7,1938,2000,PConc,6,0,240.0,2010,WD ,Normal,119000
50,11851,Pave,Inside,1.5Fin,1Fam,5,7,1948,2009,BrkTil,7,1,240.0,2010,WD ,Normal,129000
50,8239,Pave,Inside,1.5Fin,1Fam,5,6,1920,1962,BrkTil,6,0,315.0,2010,WD ,Normal,100000
30,9656,Pave,Inside,1Story,1Fam,2,2,1923,1970,BrkTil,5,1,780.0,2010,WD ,Abnorml,12789
30,8520,Pave,Inside,1Story,1Fam,6,8,1928,2003,BrkTil,5,0,484.0,2010,WD ,Normal,105900
70,9600,Pave,Corner,2Story,1Fam,8,9,1900,2003,BrkTil,7,0,288.0,2010,WD ,Abnorml,150000
50,10800,Pave,Inside,1.5Fin,1Fam,5,6,1915,1950,PConc,7,0,416.0,2010,WD ,Normal,139000
70,9000,Pave,Inside,2Story,1Fam,8,9,1890,2002,Stone,7,0,624.0,2010,WD ,Normal,240000
190,9045,Pave,Inside,2Story,2fmCon,5,3,1910,1950,BrkTil,12,0,0.0,2010,WD ,Abnorml,76500
20,7407,Pave,Inside,1Story,1Fam,6,7,1957,1996,CBlock,6,0,923.0,2010,WD ,Normal,149700
70,7740,Pave,Inside,2Story,1Fam,4,7,1910,1950,CBlock,6,0,528.0,2010,WD ,Normal,125500
190,11340,Pave,Inside,2Story,2fmCon,4,6,1885,1950,PConc,11,0,560.0,2010,WD ,Normal,122500
70,10560,Pave,Inside,2Story,1Fam,6,7,1922,1994,CBlock,6,0,624.0,2010,WD ,Normal,140750
50,5830,Pave,Corner,1.5Fin,1Fam,5,6,1950,1997,CBlock,7,0,363.0,2010,WD ,Normal,128500
75,7793,Pave,Corner,2.5Unf,1Fam,7,7,1922,2005,BrkTil,8,1,315.0,2010,WD ,Normal,209500
30,5000,Pave,Inside,1Story,1Fam,4,7,1925,1950,BrkTil,4,0,200.0,2010,WD ,Normal,87000
50,6000,Pave,Inside,1.5Fin,1Fam,6,7,1939,1950,BrkTil,5,0,240.0,2010,WD ,Abnorml,134000
50,6000,Pave,Inside,1.5Fin,1Fam,6,6,1940,1950,CBlock,6,2,576.0,2010,WD ,Normal,128000
50,6360,Pave,Corner,1.5Fin,1Fam,5,6,1942,1950,CBlock,7,2,240.0,2010,WD ,Normal,132000
50,6000,Pave,Inside,1.5Fin,1Fam,6,7,1948,1950,CBlock,6,0,312.0,2010,WD ,Normal,139900
50,6240,Pave,Inside,1.5Fin,1Fam,5,7,1936,1980,CBlock,5,0,624.0,2010,WD ,Normal,123900
50,6240,Pave,Inside,1.5Fin,1Fam,5,5,1930,1950,BrkTil,7,1,480.0,2010,WD ,Normal,138400
30,6120,Pave,Inside,1Story,1Fam,6,5,1923,1950,BrkTil,5,1,288.0,2010,WD ,Normal,109500
70,10300,Pave,Inside,2Story,1Fam,7,6,1921,1950,BrkTil,9,0,480.0,2010,WD ,Normal,140000
50,8094,Pave,Inside,1.5Fin,1Fam,4,5,1915,1950,CBlock,9,1,572.0,2010,WD ,Normal,149500
70,12900,Pave,Inside,2Story,1Fam,6,8,1912,2009,PConc,7,0,0.0,2010,WD ,Normal,159900
70,3068,Pave,Inside,2Story,1Fam,6,8,1920,1993,BrkTil,6,0,180.0,2010,WD ,Normal,122000
90,8472,Grvl,Corner,1Story,Duplex,5,5,1963,1963,CBlock,5,0,516.0,2010,WD ,Normal,110000
190,5600,Pave,Inside,2Story,2fmCon,4,5,1930,1950,Slab,7,0,0.0,2010,WD ,Normal,55000
190,7630,Pave,Inside,2Story,2fmCon,5,9,1900,1996,BrkTil,8,1,672.0,2010,WD ,Normal,140000
70,24090,Pave,Inside,2Story,1Fam,7,7,1940,1950,CBlock,10,2,349.0,2010,COD,Normal,244400
20,15263,Pave,Inside,1Story,1Fam,5,5,1959,1959,CBlock,8,2,365.0,2010,WD ,Normal,173000
50,10632,Pave,Inside,1.5Fin,1Fam,5,3,1917,1950,BrkTil,6,0,180.0,2010,COD,Normal,107500
190,9900,Pave,Inside,1.5Fin,2fmCon,5,4,1915,1950,BrkTil,6,0,0.0,2010,ConLD,Normal,100000
50,6001,Pave,Inside,1.5Fin,1Fam,6,5,1940,1950,CBlock,5,0,231.0,2010,WD ,Normal,95000
70,6449,Pave,Inside,2Story,1Fam,4,1,1907,1950,CBlock,7,0,0.0,2010,WD ,Abnorml,93369
190,6048,Pave,Corner,1.5Fin,2fmCon,5,7,1910,1950,BrkTil,7,1,450.0,2010,COD,Normal,114900
50,6342,Pave,Inside,1.5Fin,1Fam,5,8,1875,1996,CBlock,6,0,0.0,2010,WD ,Normal,94000
90,10773,Pave,Inside,1Story,Duplex,4,3,1967,1967,CBlock,8,0,0.0,2010,WD ,Normal,136000
90,10778,Pave,Inside,1Story,Duplex,4,5,1968,1968,CBlock,8,0,0.0,2010,WD ,Normal,136500
190,11625,Pave,Inside,1Story,2fmCon,5,4,1965,1965,PConc,6,0,504.0,2010,WD ,Normal,131500
20,11341,Pave,Inside,1Story,1Fam,5,6,1957,1996,CBlock,5,1,528.0,2010,WD ,Normal,121500
20,8521,Pave,FR2,1Story,1Fam,5,5,1967,1967,CBlock,5,1,336.0,2010,WD ,Normal,125000
20,8246,Pave,Inside,1Story,1Fam,5,8,1968,2001,CBlock,6,1,270.0,2010,WD ,Normal,154000
20,7800,Pave,Inside,1Story,1Fam,5,7,1966,2008,CBlock,5,0,416.0,2010,WD ,Normal,137900
60,9364,Pave,Corner,2Story,1Fam,6,7,1969,1969,CBlock,7,0,299.0,2010,WD ,Normal,158000
20,7832,Pave,Inside,1Story,1Fam,5,5,1968,1968,CBlock,4,0,280.0,2010,WD ,Normal,137250
90,7424,Pave,Inside,SFoyer,Duplex,5,5,1978,1978,CBlock,5,2,591.0,2010,WD ,Normal,160250
60,11227,Pave,Inside,2Story,1Fam,5,5,1968,1968,CBlock,7,2,480.0,2010,WD ,Normal,163000
60,11616,Pave,CulDSac,2Story,1Fam,6,5,1978,1978,CBlock,6,1,440.0,2010,WD ,Abnorml,158900
60,14000,Pave,Inside,2Story,1Fam,7,5,1996,1997,PConc,7,0,533.0,2010,WD ,Normal,328000
20,20062,Pave,Inside,1Story,1Fam,7,7,1977,2001,CBlock,4,2,690.0,2010,WD ,Normal,270000
30,9259,Pave,Corner,1Story,1Fam,4,4,1927,1950,BrkTil,4,0,440.0,2010,WD ,Normal,85000
20,9600,Pave,Inside,1Story,1Fam,4,7,1950,1995,CBlock,4,0,436.0,2010,WD ,Normal,128000
40,23595,Pave,Inside,1Story,1Fam,7,6,1979,1979,PConc,4,1,586.0,2010,WD ,Normal,260000
60,17082,Pave,CulDSac,2Story,1Fam,6,5,1978,1992,PConc,8,1,522.0,2010,WD ,Normal,230000
50,18600,Pave,Inside,1.5Fin,1Fam,3,4,1938,1990,CBlock,8,1,480.0,2010,WD ,Normal,124000
30,10625,Pave,Corner,1Story,1Fam,5,5,1920,1950,BrkTil,5,0,366.0,2010,COD,Abnorml,83000
20,11479,Pave,Inside,1Story,1Fam,6,7,1950,1987,CBlock,6,1,467.0,2010,WD ,Normal,144500
20,9571,Pave,Inside,1Story,1Fam,5,6,1956,1956,CBlock,6,0,596.0,2010,WD ,Normal,129000
50,9350,Pave,Inside,1.5Fin,1Fam,4,6,1947,1979,CBlock,8,1,209.0,2010,WD ,Normal,127000
20,9525,Pave,Inside,1Story,1Fam,5,7,1954,1998,CBlock,5,0,366.0,2010,WD ,Normal,128000
20,10420,Pave,Corner,1Story,1Fam,6,5,2009,2009,PConc,6,0,460.0,2010,WD ,Normal,186000
20,17485,Pave,Inside,1Story,1Fam,7,5,2009,2010,PConc,5,2,572.0,2010,Con,Partial,308030
20,11200,Pave,CulDSac,1Story,1Fam,5,3,1964,1964,CBlock,5,0,504.0,2010,COD,Normal,114000
20,11100,Pave,Inside,1Story,1Fam,4,7,1946,2006,CBlock,6,0,308.0,2010,WD ,Abnorml,84900
60,9206,Pave,Inside,2Story,1Fam,6,5,1985,1985,CBlock,7,1,476.0,2010,WD ,Normal,178000
20,11980,Pave,Inside,1Story,1Fam,7,5,1987,1987,CBlock,4,2,528.0,2010,WD ,Normal,270000
60,12361,Pave,CulDSac,2Story,1Fam,6,7,1993,1993,PConc,8,1,1017.0,2010,WD ,Normal,218000
60,9938,Pave,Inside,2Story,1Fam,7,5,1993,1994,PConc,8,1,574.0,2010,WD ,Normal,236000
85,9069,Pave,Inside,SFoyer,1Fam,6,6,1992,1992,PConc,5,0,564.0,2010,WD ,Normal,147000
20,10475,Pave,Corner,1Story,1Fam,8,5,2008,2008,PConc,7,0,776.0,2010,WD ,Normal,245350
20,6762,Pave,Inside,1Story,1Fam,7,5,2006,2006,PConc,6,0,632.0,2010,WD ,Normal,206000
20,10402,Pave,Corner,1Story,1Fam,7,5,2009,2009,PConc,6,0,740.0,2010,WD ,Normal,198900
20,7360,Pave,Inside,1Story,1Fam,7,5,2010,2010,PConc,6,0,615.0,2010,WD ,Normal,187000
60,12376,Pave,Corner,2Story,1Fam,7,5,1990,1990,PConc,11,2,594.0,2010,WD ,Normal,320000
50,14235,Pave,Inside,1.5Fin,1Fam,6,8,1900,1993,PConc,6,0,484.0,2010,WD ,Normal,138500
80,8816,Pave,Inside,SLvl,1Fam,6,7,1971,1971,CBlock,6,0,440.0,2010,WD ,Normal,155000
85,11105,Pave,Corner,SFoyer,1Fam,5,5,1996,1996,PConc,4,0,580.0,2010,WD ,Normal,159000
60,9337,Pave,Inside,2Story,1Fam,7,5,1997,1998,PConc,8,1,513.0,2010,WD ,Normal,191000
60,8750,Pave,Inside,2Story,1Fam,6,5,1998,1998,PConc,7,0,523.0,2010,WD ,Normal,200500
20,15240,Pave,FR2,1Story,1Fam,5,8,1977,2004,CBlock,5,0,308.0,2010,WD ,Normal,150000
60,10900,Pave,FR2,2Story,1Fam,6,7,1977,1977,CBlock,6,0,299.0,2010,WD ,Normal,161750
20,10650,Pave,Corner,1Story,1Fam,5,6,1976,1976,CBlock,5,0,308.0,2010,WD ,Normal,128200
20,7480,Pave,Inside,1Story,1Fam,5,6,1972,1972,CBlock,5,0,484.0,2010,WD ,Normal,127000
20,10389,Pave,Inside,1Story,1Fam,8,5,2003,2003,PConc,8,1,850.0,2010,WD ,Normal,318000
20,11423,Pave,Inside,1Story,1Fam,8,5,2001,2002,PConc,6,1,670.0,2010,WD ,Normal,272000
60,9548,Pave,CulDSac,2Story,1Fam,7,6,2003,2003,PConc,7,1,613.0,2010,WD ,Normal,237000
60,9375,Pave,Inside,2Story,1Fam,7,5,1997,1997,PConc,9,1,621.0,2010,WD ,Normal,240000
20,12137,Pave,CulDSac,1Story,1Fam,7,5,1998,1998,PConc,6,0,598.0,2010,WD ,Normal,224900
120,4435,Pave,Inside,1Story,TwnhsE,6,5,2003,2003,PConc,4,0,420.0,2010,WD ,Normal,143750
120,4426,Pave,Inside,1Story,TwnhsE,6,5,2004,2004,PConc,3,0,420.0,2010,WD ,Normal,143000
20,10635,Pave,FR2,1Story,1Fam,8,5,2003,2003,PConc,8,1,502.0,2010,WD ,Normal,232000
20,8400,Pave,Inside,1Story,1Fam,7,5,2004,2005,PConc,7,0,606.0,2010,WD ,Normal,213000
20,8773,Pave,FR2,1Story,1Fam,7,5,2004,2004,PConc,6,0,494.0,2010,WD ,Normal,185500
30,8777,Pave,Inside,1Story,1Fam,3,6,1945,2007,CBlock,5,0,240.0,2010,ConLD,Normal,84900
20,8842,Pave,Corner,1Story,1Fam,5,6,1954,1954,CBlock,6,0,319.0,2010,Oth,Abnorml,155891
90,9825,Pave,Inside,1Story,Duplex,5,5,1965,1965,CBlock,8,0,0.0,2010,WD ,Normal,100000
20,10044,Pave,CulDSac,1Story,1Fam,5,6,1968,1968,CBlock,6,0,336.0,2010,WD ,Normal,144000
50,11792,Pave,Inside,1.5Fin,1Fam,4,5,1948,1950,CBlock,5,0,480.0,2010,WD ,Abnorml,64000
80,6305,Pave,Inside,SLvl,1Fam,6,6,1975,1975,CBlock,5,1,352.0,2010,WD ,Normal,125200
80,7819,Pave,Inside,SLvl,1Fam,6,5,1976,1976,CBlock,6,1,672.0,2010,WD ,Abnorml,107000
20,6410,Pave,Inside,1Story,1Fam,4,5,1958,1958,CBlock,5,0,0.0,2010,WD ,Normal,90000
20,8546,Pave,Corner,1Story,1Fam,4,5,2003,2004,PConc,5,0,440.0,2010,WD ,Normal,140000
50,8741,Pave,Inside,1.5Fin,1Fam,6,4,1945,1950,CBlock,7,1,220.0,2010,WD ,Normal,113000
190,12180,Pave,Inside,1.5Fin,2fmCon,4,4,1941,1950,BrkTil,5,0,280.0,2010,WD ,Normal,80000
20,8562,Pave,Inside,1Story,1Fam,5,6,1957,2002,CBlock,7,1,364.0,2010,WD ,Normal,144500
30,4853,Pave,Inside,1Story,1Fam,5,6,1924,1999,BrkTil,5,1,260.0,2010,WD ,Normal,104000
70,6858,Pave,Corner,2Story,1Fam,6,4,1915,1950,PConc,6,0,216.0,2010,WD ,Normal,128000
30,8212,Pave,Inside,1Story,1Fam,3,3,1914,1950,BrkTil,5,0,200.0,2010,WD ,Normal,58500
50,5000,Pave,Inside,1.5Fin,1Fam,5,6,1924,1950,BrkTil,6,1,308.0,2010,WD ,Normal,127000
30,7890,Pave,Corner,1Story,1Fam,6,6,1939,1950,CBlock,4,1,399.0,2010,WD ,Normal,126000
90,7200,Pave,Inside,2Story,Duplex,4,6,1967,1967,Slab,10,0,0.0,2010,WD ,Normal,160000
50,9839,Pave,Inside,1.5Fin,1Fam,5,2,1931,1950,PConc,7,1,0.0,2010,WD ,Normal,100000
50,9638,Pave,Inside,1.5Fin,1Fam,6,7,1919,1990,PConc,10,1,336.0,2010,WD ,Normal,169000
50,10452,Pave,Inside,1.5Fin,1Fam,7,6,1941,1985,BrkTil,8,2,312.0,2010,WD ,Normal,257500
90,15600,Pave,Inside,2Story,Duplex,5,6,1950,1991,CBlock,11,0,484.0,2010,WD ,Normal,215000
70,9042,Pave,Inside,2Story,1Fam,7,9,1941,2006,Stone,9,2,252.0,2010,WD ,Normal,266500
20,17500,Pave,Inside,1Story,1Fam,7,8,1959,2002,PConc,7,2,567.0,2010,WD ,Normal,335000
80,19645,Pave,FR2,SLvl,1Fam,7,6,1994,2007,PConc,6,0,473.0,2010,WD ,Normal,203135
120,3907,Pave,Inside,1Story,TwnhsE,8,6,1989,1989,CBlock,4,1,598.0,2010,WD ,Normal,185000
120,3907,Pave,Inside,1Story,TwnhsE,8,5,1989,1989,CBlock,5,1,531.0,2010,WD ,Normal,162500
20,15602,Pave,Inside,1Story,1Fam,7,8,1959,1997,CBlock,6,2,484.0,2010,WD ,Normal,289000
50,5436,Pave,Inside,1.5Fin,1Fam,4,8,1922,2007,BrkTil,7,0,240.0,2010,WD ,Normal,125500
30,8154,Pave,Inside,1Story,1Fam,2,5,1941,1950,BrkTil,4,0,200.0,2010,ConLw,Normal,82000
50,9140,Pave,Inside,1.5Fin,1Fam,6,5,1921,1975,BrkTil,5,0,625.0,2010,COD,Normal,110000
50,7500,Pave,Inside,1.5Fin,1Fam,4,4,1920,1950,CBlock,6,0,528.0,2010,COD,Abnorml,68400
50,8712,Pave,Inside,1.5Fin,1Fam,4,7,1900,1950,Stone,7,0,384.0,2010,WD ,Abnorml,102776
20,8712,Grvl,Inside,1Story,1Fam,5,5,1952,1952,CBlock,4,0,504.0,2010,WD ,Alloca,55993
30,8712,Grvl,Corner,1Story,1Fam,4,7,1896,1950,CBlock,5,0,330.0,2010,WD ,Alloca,50138
120,3811,Pave,Corner,1Story,TwnhsE,8,5,2004,2005,PConc,5,1,525.0,2010,WD ,Normal,246000
60,11050,Pave,Inside,2Story,1Fam,8,5,1998,1999,PConc,8,1,741.0,2010,WD ,Normal,254900
80,9620,Pave,Inside,SLvl,1Fam,6,7,1977,1977,CBlock,6,1,473.0,2010,WD ,Normal,190000
20,9196,Pave,Inside,1Story,1Fam,7,5,2003,2003,PConc,7,0,573.0,2010,WD ,Normal,201000
80,12328,Pave,Inside,SLvl,1Fam,6,5,1976,1976,CBlock,6,0,888.0,2010,WD ,Normal,169900
90,12760,Pave,Inside,1Story,Duplex,6,5,1976,1976,CBlock,9,0,776.0,2010,ConLD,Normal,170000
20,57200,Pave,Inside,1Story,1Fam,5,5,1948,1950,CBlock,7,2,572.0,2010,WD ,Normal,160000
20,11896,Pave,Corner,1Story,1Fam,7,5,2008,2008,PConc,6,1,660.0,2010,WD ,Normal,220000
20,9803,Pave,Inside,1Story,1Fam,7,5,2009,2010,PConc,6,0,520.0,2010,New,Partial,179781
60,9802,Pave,Inside,2Story,1Fam,5,5,2006,2007,PConc,7,0,400.0,2010,WD ,Normal,174000
60,12003,Pave,Corner,2Story,1Fam,8,5,2009,2010,PConc,8,1,680.0,2010,New,Partial,269500
60,11316,Pave,Corner,2Story,1Fam,7,5,2002,2003,PConc,8,1,510.0,2010,WD ,Normal,214900
60,14191,Pave,Inside,2Story,1Fam,8,5,2002,2002,PConc,9,0,431.0,2010,WD ,Normal,202900
20,13214,Pave,Inside,1Story,1Fam,9,5,2008,2009,PConc,10,1,746.0,2010,WD ,Normal,378500
20,15300,Pave,Inside,1Story,1Fam,5,5,1965,1977,CBlock,7,1,528.0,2010,WD ,Normal,169000
20,10114,Pave,Inside,1Story,1Fam,5,5,2004,2005,PConc,7,0,624.0,2010,WD ,Normal,173500
90,9400,Pave,Corner,2Story,Duplex,6,5,1971,1971,CBlock,8,0,0.0,2010,WD ,Normal,139000
20,11875,Pave,Inside,1Story,1Fam,5,5,1999,1999,PConc,7,1,686.0,2010,WD ,Normal,166500
160,1974,Pave,Inside,2Story,TwnhsE,4,5,1973,1973,CBlock,6,0,286.0,2010,WD ,Normal,83500
120,2394,Pave,Inside,1Story,Twnhs,5,6,1973,1973,CBlock,5,1,253.0,2010,WD ,Normal,119500
160,2592,Pave,Inside,2Story,TwnhsE,5,3,1976,1976,CBlock,4,0,336.0,2010,WD ,Normal,85000
160,1476,Pave,Inside,2Story,Twnhs,4,7,1970,1970,CBlock,5,0,0.0,2010,WD ,Normal,76000
180,1491,Pave,Inside,SFoyer,TwnhsE,4,6,1972,1972,CBlock,3,0,0.0,2010,WD ,Normal,75500
160,1900,Pave,Inside,2Story,TwnhsE,4,4,1970,1970,CBlock,5,0,0.0,2010,WD ,Normal,88250
160,1890,Pave,Inside,2Story,TwnhsE,4,6,1972,1972,CBlock,5,0,286.0,2010,WD ,Normal,85500
20,6953,Pave,Inside,1Story,1Fam,5,7,1971,2004,CBlock,5,0,352.0,2010,ConLD,Normal,130000
20,26142,Pave,CulDSac,1Story,1Fam,5,7,1962,1962,CBlock,6,0,312.0,2010,WD ,Normal,157900
20,12887,Pave,Inside,1Story,1Fam,5,7,1984,1984,CBlock,5,0,495.0,2010,WD ,Normal,149900
90,7700,Pave,Inside,2Story,Duplex,5,2,1985,1986,PConc,10,0,616.0,2010,WD ,Normal,159000
60,10475,Pave,Inside,2Story,1Fam,5,5,1991,1991,PConc,6,0,576.0,2010,WD ,Normal,136000
50,10544,Pave,Inside,1.5Fin,1Fam,5,5,1969,1969,CBlock,8,0,275.0,2010,WD ,Normal,161000
20,9892,Pave,Inside,1Story,1Fam,8,5,1994,1995,PConc,6,2,482.0,2010,WD ,Normal,285000
60,12961,Pave,Inside,2Story,1Fam,6,5,1993,1994,PConc,7,1,616.0,2010,WD ,Normal,231000
20,13008,Pave,Inside,1Story,1Fam,6,5,1956,1956,CBlock,5,0,502.0,2009,WD ,Normal,124500
20,10200,Pave,Inside,1Story,1Fam,6,5,1974,1974,CBlock,7,1,528.0,2009,WD ,Normal,157000
80,13860,Pave,Inside,SLvl,1Fam,8,7,1972,1995,CBlock,9,3,538.0,2009,WD ,Normal,345000
60,10179,Pave,Corner,2Story,1Fam,6,5,1997,1997,PConc,7,1,470.0,2009,WD ,Normal,189500
60,11792,Pave,Inside,2Story,1Fam,8,5,2003,2003,PConc,9,1,632.0,2009,WD ,Normal,270000
80,8400,Pave,Inside,SLvl,1Fam,7,5,1996,1997,PConc,7,1,390.0,2009,WD ,Normal,189000
20,14892,Pave,CulDSac,1Story,1Fam,9,5,2006,2007,PConc,7,2,758.0,2009,WD ,Normal,377500
80,8530,Pave,Inside,SLvl,1Fam,7,5,1995,1996,PConc,7,1,400.0,2009,WD ,Normal,168500
120,7296,Pave,CulDSac,1Story,TwnhsE,8,5,2004,2005,PConc,8,1,564.0,2009,WD ,Normal,375000
120,5664,Pave,Inside,1Story,TwnhsE,8,5,2000,2000,PConc,5,1,499.0,2009,WD ,Normal,278000
120,7380,Pave,Corner,1Story,1Fam,8,5,1998,1998,PConc,5,0,495.0,2009,WD ,Normal,240000
120,8013,Pave,Corner,1Story,TwnhsE,8,5,1995,1996,PConc,6,0,528.0,2009,WD ,Normal,239500
80,8923,Pave,Inside,SLvl,1Fam,7,5,1998,1998,PConc,7,1,396.0,2009,WD ,Normal,177500
60,10141,Pave,Corner,2Story,1Fam,7,5,1998,1998,PConc,7,1,427.0,2009,WD ,Normal,185000
60,7500,Pave,Inside,2Story,1Fam,6,5,1998,1999,PConc,7,1,440.0,2009,WD ,Normal,191000
60,7837,Pave,Inside,2Story,1Fam,6,7,1993,1994,PConc,7,1,380.0,2009,WD ,Normal,178000
60,9765,Pave,Corner,2Story,1Fam,6,8,1993,1993,PConc,6,1,420.0,2009,WD ,Normal,185000
60,8803,Pave,Inside,2Story,1Fam,6,5,1994,1995,PConc,7,1,409.0,2009,WD ,Normal,181316
20,7250,Pave,Inside,1Story,1Fam,6,5,1993,1993,PConc,6,1,430.0,2009,WD ,Normal,166000
60,9636,Pave,Corner,2Story,1Fam,6,5,1992,1993,PConc,7,1,389.0,2009,WD ,Normal,178000
60,8125,Pave,Inside,2Story,1Fam,6,5,1994,1995,PConc,6,1,343.0,2009,WD ,Normal,174000
20,9248,Pave,Inside,1Story,1Fam,6,6,1992,1992,PConc,6,0,400.0,2009,WD ,Normal,173000
60,10762,Pave,CulDSac,2Story,1Fam,7,5,1999,1999,PConc,9,1,490.0,2009,WD ,Normal,225000
20,11851,Pave,Corner,1Story,1Fam,7,5,1990,1990,PConc,5,0,500.0,2009,WD ,Normal,180500
120,5814,Pave,CulDSac,1Story,TwnhsE,8,5,1984,1984,CBlock,4,1,565.0,2009,COD,Abnorml,187500
20,17423,Pave,CulDSac,1Story,1Fam,9,5,2008,2009,PConc,9,1,1166.0,2009,New,Partial,501837
20,11844,Pave,Inside,1Story,1Fam,8,5,2008,2008,PConc,7,1,834.0,2009,New,Partial,372500
20,16158,Pave,Inside,1Story,1Fam,7,5,2005,2005,PConc,7,1,430.0,2009,WD ,Normal,260000
60,11900,Pave,Inside,2Story,1Fam,5,6,1977,1977,PConc,6,1,567.0,2009,WD ,Normal,185000
60,13005,Pave,Corner,2Story,1Fam,7,7,1980,1980,CBlock,10,1,484.0,2009,WD ,Normal,260000
20,17043,Pave,CulDSac,1Story,1Fam,6,5,1979,1998,CBlock,7,1,435.0,2009,WD ,Normal,181000
20,11900,Pave,Inside,1Story,1Fam,7,5,1977,1977,CBlock,6,1,544.0,2009,WD ,Family,82500
20,16635,Pave,FR2,1Story,1Fam,6,7,1977,2000,CBlock,8,1,529.0,2009,WD ,Normal,215000
60,13250,Pave,Inside,2Story,1Fam,7,6,1978,1978,CBlock,8,1,529.0,2009,WD ,Abnorml,154000
20,10928,Pave,Inside,1Story,1Fam,6,6,1978,1986,PConc,7,1,484.0,2009,WD ,Normal,200000
60,12388,Pave,Inside,2Story,1Fam,7,7,1980,1991,CBlock,9,1,441.0,2009,WD ,Normal,249000
80,14115,Pave,Inside,SLvl,1Fam,7,5,1980,1980,CBlock,6,2,588.0,2009,WD ,Normal,187500
20,11088,Pave,Inside,1Story,1Fam,6,5,1978,1998,PConc,7,1,479.0,2009,WD ,Normal,184000
20,9600,Pave,Inside,1Story,1Fam,8,5,1981,1981,PConc,9,1,542.0,2009,WD ,Normal,278000
20,11880,Pave,Inside,1Story,1Fam,7,5,1978,1978,CBlock,7,1,478.0,2009,COD,Abnorml,157000
20,10400,Pave,Inside,1Story,1Fam,7,5,1976,1976,CBlock,6,1,479.0,2009,WD ,Family,152000
60,10304,Pave,CulDSac,2Story,1Fam,5,7,1976,1976,CBlock,9,1,484.0,2009,WD ,Normal,197500
60,7000,Pave,Inside,2Story,1Fam,7,5,2003,2003,PConc,7,1,581.0,2009,WD ,Normal,240900
60,8004,Pave,Inside,2Story,1Fam,8,5,2009,2009,PConc,8,0,552.0,2009,New,Partial,263435
60,7500,Pave,Inside,2Story,1Fam,8,5,2000,2001,PConc,7,1,588.0,2009,WD ,Normal,220000
60,8470,Pave,Corner,2Story,1Fam,8,5,2002,2002,PConc,7,1,565.0,2009,WD ,Normal,235000
20,9373,Pave,CulDSac,1Story,1Fam,5,7,1975,1975,CBlock,7,2,478.0,2009,WD ,Normal,213000
20,10140,Pave,Inside,1Story,1Fam,6,6,1974,1974,CBlock,6,1,528.0,2009,WD ,Normal,167900
20,11050,Pave,Corner,1Story,1Fam,7,5,1975,1975,CBlock,5,1,506.0,2009,WD ,Normal,158000
20,10140,Pave,Inside,1Story,1Fam,6,5,1974,1974,CBlock,7,1,478.0,2009,WD ,Normal,165000
80,10448,Pave,Corner,SLvl,1Fam,6,6,1972,1972,CBlock,7,1,583.0,2009,COD,Abnorml,158000
90,9000,Pave,FR2,2Story,Duplex,5,5,1974,1974,CBlock,8,0,0.0,2009,WD ,Normal,136000
20,8750,Pave,Inside,1Story,1Fam,5,6,1970,1970,CBlock,5,0,902.0,2009,WD ,Normal,148500
20,7930,Pave,Inside,1Story,1Fam,6,8,1969,2005,CBlock,5,0,440.0,2009,WD ,Normal,156000
20,7830,Pave,Inside,1Story,1Fam,5,5,1970,1970,CBlock,6,0,477.0,2009,COD,Normal,128000
20,8510,Pave,Inside,1Story,1Fam,5,7,1971,1971,CBlock,6,0,336.0,2009,WD ,Normal,143000
20,7038,Pave,Inside,1Story,1Fam,4,6,1970,1970,CBlock,5,0,576.0,2009,WD ,Abnorml,76500
20,6960,Pave,Inside,1Story,1Fam,4,6,1970,1970,CBlock,5,0,660.0,2009,WD ,Normal,120500
20,8120,Pave,Inside,1Story,1Fam,4,7,1970,1970,CBlock,5,0,463.0,2009,WD ,Normal,124500
20,10500,Pave,FR2,1Story,1Fam,4,6,1971,1971,CBlock,4,0,576.0,2009,WD ,Abnorml,97000
20,9000,Pave,FR2,1Story,1Fam,4,7,1971,2006,CBlock,5,0,576.0,2009,WD ,Normal,130000
160,1680,Pave,Inside,2Story,Twnhs,6,5,1973,1973,CBlock,5,0,264.0,2009,WD ,Normal,111000
160,2368,Pave,Inside,2Story,TwnhsE,5,6,1970,1970,CBlock,7,0,440.0,2009,WD ,Normal,125000
160,1680,Pave,Inside,2Story,Twnhs,5,5,1971,1971,CBlock,6,0,280.0,2009,COD,Abnorml,112000
160,1680,Pave,Inside,2Story,Twnhs,6,6,1972,1972,CBlock,5,0,288.0,2009,WD ,Normal,97000
160,1680,Pave,Inside,2Story,Twnhs,6,8,1972,2007,CBlock,5,0,264.0,2009,WD ,Normal,118000
160,1680,Pave,Inside,2Story,Twnhs,5,7,1972,1972,CBlock,6,0,264.0,2009,WD ,Normal,119500
120,4928,Pave,Inside,1Story,TwnhsE,6,6,1976,1976,CBlock,5,0,440.0,2009,WD ,Normal,143750
160,2308,Pave,FR2,2Story,TwnhsE,6,5,1976,1976,CBlock,7,1,440.0,2009,WD ,Normal,146000
160,2280,Pave,FR2,2Story,Twnhs,6,6,1976,1976,CBlock,7,1,440.0,2009,WD ,Normal,148500
120,2280,Pave,FR2,1Story,Twnhs,7,5,1975,1975,CBlock,4,1,440.0,2009,WD ,Normal,123000
160,2308,Pave,Inside,2Story,TwnhsE,6,5,1974,1974,CBlock,6,1,440.0,2009,WD ,Normal,147000
160,2349,Pave,Inside,2Story,Twnhs,6,5,1977,1977,CBlock,6,1,440.0,2009,WD ,Normal,137900
160,2364,Pave,Inside,2Story,TwnhsE,6,5,1978,1978,CBlock,7,1,440.0,2009,WD ,Normal,147000
160,2289,Pave,Inside,2Story,Twnhs,6,6,1978,1978,CBlock,7,1,440.0,2009,WD ,Normal,148500
160,2364,Pave,Inside,2Story,TwnhsE,6,5,1978,1978,CBlock,6,1,440.0,2009,WD ,Normal,138000
120,2104,Pave,Inside,1Story,TwnhsE,7,6,1976,1976,CBlock,5,0,345.0,2009,WD ,Normal,128500
20,7150,Pave,Inside,1Story,1Fam,5,5,1967,1967,CBlock,5,0,288.0,2009,WD ,Normal,100000
20,10710,Pave,Inside,1Story,1Fam,5,7,1966,2004,PConc,5,1,656.0,2009,WD ,Normal,148800
20,12456,Pave,FR2,1Story,1Fam,10,5,2006,2007,PConc,7,1,786.0,2009,WD ,Normal,337500
60,14257,Pave,Inside,2Story,1Fam,9,5,2007,2007,PConc,10,3,754.0,2009,WD ,Normal,462000
60,13518,Pave,Inside,2Story,1Fam,9,5,2008,2009,PConc,11,2,820.0,2009,New,Partial,485000
20,15431,Pave,Inside,1Story,1Fam,10,5,2008,2008,PConc,10,2,672.0,2009,WD ,Normal,555000
20,13173,Pave,Corner,1Story,1Fam,9,5,2006,2007,PConc,6,2,840.0,2009,WD ,Normal,325000
20,14230,Pave,Corner,1Story,1Fam,8,5,2007,2007,PConc,7,1,890.0,2009,WD ,Normal,256300
20,12704,Pave,Inside,1Story,1Fam,8,5,2008,2009,PConc,8,1,1390.0,2009,New,Partial,253293
60,12350,Pave,Inside,2Story,1Fam,9,5,2009,2009,PConc,8,1,864.0,2009,New,Partial,398800
60,11308,Pave,Inside,2Story,1Fam,9,5,2008,2008,PConc,10,1,836.0,2009,WD ,Normal,335000
20,12350,Pave,Inside,1Story,1Fam,9,5,2008,2008,PConc,7,1,896.0,2009,WD ,Normal,404000
20,12220,Pave,Inside,1Story,1Fam,10,5,2009,2009,CBlock,9,1,900.0,2009,New,Partial,402861
60,13478,Pave,Corner,2Story,1Fam,10,5,2008,2008,PConc,10,1,842.0,2009,ConLI,Normal,451950
20,13693,Pave,Inside,1Story,1Fam,10,5,2007,2007,PConc,8,2,762.0,2009,WD ,Normal,610000
60,13891,Pave,Inside,2Story,1Fam,9,5,2008,2009,PConc,12,1,1020.0,2009,New,Partial,582933
20,11578,Pave,Inside,1Story,1Fam,9,5,2008,2008,PConc,7,1,834.0,2009,WD ,Normal,360000
20,16870,Pave,FR3,1Story,1Fam,8,5,2004,2005,PConc,7,2,932.0,2009,WD ,Normal,296000
60,23303,Pave,CulDSac,2Story,1Fam,8,5,2007,2007,PConc,10,1,640.0,2009,WD ,Family,409900
20,11146,Pave,Inside,1Story,1Fam,8,5,2006,2006,PConc,7,1,908.0,2009,WD ,Normal,255500
20,10367,Pave,Inside,1Story,1Fam,9,5,2008,2008,PConc,8,1,927.0,2009,ConLI,Normal,335000
20,9591,Pave,Inside,1Story,1Fam,8,5,2004,2005,PConc,7,1,856.0,2009,WD ,Normal,274900
20,10872,Pave,Inside,1Story,1Fam,9,5,2006,2006,PConc,6,1,700.0,2009,WD ,Normal,300000
20,13514,Pave,Corner,1Story,1Fam,9,5,2008,2008,PConc,7,1,850.0,2009,WD ,Normal,324000
60,8834,Pave,Inside,2Story,1Fam,9,5,2004,2005,PConc,10,1,738.0,2009,WD ,Normal,350000
20,11362,Pave,Inside,1Story,1Fam,8,5,2004,2005,PConc,7,1,862.0,2009,WD ,Normal,280000
20,10655,Pave,Inside,1Story,1Fam,8,5,2003,2004,PConc,7,1,880.0,2009,WD ,Normal,284000
20,12878,Pave,Corner,1Story,1Fam,7,5,2003,2004,PConc,8,1,583.0,2009,WD ,Normal,269500
20,9541,Pave,Inside,1Story,1Fam,7,5,2009,2009,PConc,7,0,644.0,2009,New,Partial,233170
20,13472,Pave,Inside,1Story,1Fam,10,5,2003,2003,PConc,8,1,968.0,2009,WD ,Normal,386250
20,15274,Pave,Corner,1Story,1Fam,9,5,2003,2003,PConc,10,1,886.0,2009,WD ,Normal,445000
60,13262,Pave,Inside,2Story,1Fam,8,5,2003,2004,PConc,10,1,730.0,2009,WD ,Normal,290000
20,9658,Pave,Inside,1Story,1Fam,8,5,2006,2006,PConc,6,1,871.0,2009,WD ,Normal,255900
120,6904,Pave,Inside,1Story,TwnhsE,6,5,2005,2005,PConc,6,1,484.0,2009,WD ,Normal,213000
120,5381,Pave,Inside,1Story,Twnhs,6,5,2005,2005,PConc,5,1,624.0,2009,WD ,Normal,196000
120,5122,Pave,Inside,1Story,Twnhs,6,5,2005,2005,PConc,5,1,624.0,2009,WD ,Normal,184500
120,10307,Pave,Inside,1Story,TwnhsE,7,5,2007,2008,PConc,6,1,484.0,2009,WD ,Normal,212500
120,5001,Pave,Inside,1Story,Twnhs,7,5,2007,2008,PConc,6,1,626.0,2009,WD ,Normal,230000
20,14836,Pave,Inside,1Story,1Fam,10,5,2004,2005,PConc,8,1,949.0,2009,WD ,Abnorml,552000
20,15262,Pave,Corner,1Story,1Fam,8,5,2003,2004,PConc,8,1,685.0,2009,WD ,Normal,382500
120,7390,Pave,Inside,1Story,TwnhsE,9,5,2008,2009,PConc,6,1,649.0,2009,New,Partial,320000
120,6472,Pave,Inside,1Story,TwnhsE,9,5,2008,2008,PConc,6,1,539.0,2009,WD ,Normal,248500
20,16770,Pave,Corner,1Story,1Fam,8,5,2002,2003,PConc,8,1,701.0,2009,WD ,Normal,286500
120,6240,Pave,Inside,1Story,TwnhsE,8,5,2006,2006,PConc,6,1,550.0,2009,WD ,Normal,254000
120,3480,Pave,Inside,1Story,TwnhsE,7,5,2003,2003,PConc,6,1,478.0,2009,WD ,Normal,173000
160,2268,Pave,Inside,2Story,Twnhs,7,5,2003,2004,PConc,6,0,474.0,2009,WD ,Normal,173000
60,10928,Pave,Inside,2Story,1Fam,7,5,2005,2005,PConc,8,1,390.0,2009,WD ,Normal,184000
60,8918,Pave,Inside,2Story,1Fam,6,5,2005,2006,PConc,7,1,392.0,2009,WD ,Normal,167800
60,12589,Pave,Inside,2Story,1Fam,6,5,2005,2005,PConc,8,1,390.0,2009,WD ,Normal,174000
60,11911,Pave,Inside,2Story,1Fam,6,5,2005,2005,PConc,6,1,400.0,2009,WD ,Normal,174000
120,3684,Pave,Inside,1Story,TwnhsE,7,5,2007,2007,PConc,7,1,660.0,2009,WD ,Normal,174000
120,3635,Pave,Inside,1Story,TwnhsE,7,5,2007,2007,PConc,7,1,660.0,2009,WD ,Normal,175900
120,3182,Pave,Inside,1Story,TwnhsE,7,5,2005,2006,PConc,7,1,430.0,2009,WD ,Normal,192500
120,3182,Pave,Inside,1Story,TwnhsE,7,5,2005,2006,PConc,7,1,457.0,2009,WD ,Normal,181000
120,3182,Pave,Inside,1Story,TwnhsE,7,5,2005,2006,PConc,5,1,397.0,2009,WD ,Normal,180000
120,3182,Pave,Inside,1Story,TwnhsE,7,5,2005,2006,PConc,5,1,397.0,2009,WD ,Normal,160200
60,7795,Pave,Inside,2Story,1Fam,7,5,2004,2005,PConc,6,1,432.0,2009,WD ,Normal,188500
60,8068,Pave,Inside,2Story,1Fam,6,5,2002,2002,PConc,8,1,390.0,2009,ConLI,Normal,200000
80,9434,Pave,Inside,SLvl,1Fam,7,5,2004,2005,PConc,6,1,400.0,2009,WD ,Normal,170000
60,7984,Pave,Inside,2Story,1Fam,7,5,2004,2005,PConc,7,1,436.0,2009,WD ,Normal,189500
80,7750,Pave,Inside,SLvl,1Fam,8,5,2002,2002,PConc,7,1,527.0,2009,WD ,Normal,184100
60,10125,Pave,Inside,2Story,1Fam,7,5,2004,2004,PConc,7,1,434.0,2009,WD ,Normal,195500
60,8965,Pave,Inside,2Story,1Fam,7,5,2003,2003,PConc,8,1,400.0,2009,WD ,Normal,192000
60,8174,Pave,Inside,2Story,1Fam,7,5,2003,2003,PConc,7,1,393.0,2009,WD ,Normal,178000
120,5063,Pave,Inside,1Story,Twnhs,7,5,2007,2008,PConc,6,1,626.0,2009,ConLw,Normal,207500
60,8795,Pave,Inside,2Story,1Fam,7,5,2000,2000,PConc,8,1,554.0,2009,WD ,Normal,236000
60,12891,Pave,Corner,2Story,1Fam,8,5,2002,2002,PConc,8,1,644.0,2009,WD ,Normal,257500
60,12224,Pave,Corner,2Story,1Fam,6,5,2000,2000,PConc,7,1,390.0,2009,WD ,Normal,244000
80,9734,Pave,Inside,SLvl,1Fam,7,5,2004,2004,PConc,7,0,400.0,2009,WD ,Normal,167000
60,8123,Pave,Inside,2Story,1Fam,6,5,2000,2000,PConc,7,1,463.0,2009,WD ,Normal,179000
60,8433,Pave,Inside,2Story,1Fam,6,5,2000,2000,PConc,7,1,394.0,2009,WD ,Normal,190000
80,7750,Pave,Inside,SLvl,1Fam,7,5,1999,2000,PConc,7,1,400.0,2009,WD ,Normal,156000
60,15896,Pave,CulDSac,2Story,1Fam,7,5,1999,1999,PConc,8,1,658.0,2009,WD ,Normal,245000
60,24682,Pave,CulDSac,2Story,1Fam,6,5,1999,1999,PConc,7,1,502.0,2009,WD ,Normal,181000
60,8755,Pave,FR2,2Story,1Fam,7,5,1999,1999,PConc,8,1,390.0,2009,WD ,Normal,214000
80,7848,Pave,Inside,SLvl,1Fam,7,6,1999,1999,PConc,7,1,410.0,2009,WD ,Normal,168000
60,9430,Pave,Inside,2Story,1Fam,8,5,1999,1999,PConc,8,1,856.0,2009,WD ,Normal,337000
60,15138,Pave,Inside,2Story,1Fam,8,5,1995,1996,PConc,9,1,810.0,2009,WD ,Normal,403000
60,12720,Pave,Inside,2Story,1Fam,8,5,2000,2000,PConc,10,2,810.0,2009,WD ,Normal,327000
60,16545,Pave,Inside,2Story,1Fam,8,5,1998,1998,PConc,7,1,1069.0,2009,WD ,Normal,340000
60,12203,Pave,Corner,2Story,1Fam,8,5,1998,1999,PConc,8,1,676.0,2009,WD ,Normal,336000
60,10208,Pave,Inside,2Story,1Fam,7,5,1996,1997,PConc,7,1,889.0,2009,WD ,Normal,265000
20,10750,Pave,CulDSac,1Story,1Fam,8,5,1994,1995,PConc,7,2,815.0,2009,WD ,Normal,315000
60,9900,Pave,Inside,2Story,1Fam,7,5,1993,1993,PConc,9,1,656.0,2009,WD ,Normal,260000
60,9085,Pave,Inside,2Story,1Fam,7,5,1995,1996,PConc,7,1,647.0,2009,WD ,Normal,260000
60,11692,Pave,Inside,2Story,1Fam,8,5,1993,1994,PConc,8,1,623.0,2009,WD ,Normal,263550
60,46589,Pave,CulDSac,2Story,1Fam,8,7,1994,2005,PConc,8,1,711.0,2009,WD ,Normal,402000
60,29959,Pave,FR2,2Story,1Fam,7,6,1994,1994,PConc,7,1,467.0,2009,WD ,Normal,248000
20,9612,Pave,Inside,1Story,1Fam,8,5,2008,2009,PConc,6,1,898.0,2009,New,Partial,244600
20,11194,Pave,Inside,1Story,1Fam,8,5,2008,2008,PConc,7,0,972.0,2009,WD ,Normal,275000
20,10206,Pave,Inside,1Story,1Fam,8,5,2008,2008,PConc,7,1,726.0,2009,WD ,Normal,257500
20,9262,Pave,Inside,1Story,1Fam,8,5,2008,2009,PConc,7,1,840.0,2009,New,Partial,287090
20,10130,Pave,Inside,1Story,1Fam,8,5,2007,2007,PConc,7,1,844.0,2009,WD ,Normal,275500
20,9139,Pave,Inside,1Story,1Fam,8,5,2006,2006,PConc,7,1,492.0,2009,WD ,Normal,245000
60,9675,Pave,Inside,2Story,1Fam,7,5,2005,2005,PConc,8,1,689.0,2009,WD ,Normal,253000
20,11128,Pave,Corner,1Story,1Fam,9,5,2005,2006,PConc,9,2,795.0,2009,WD ,Normal,468000
60,8640,Pave,Inside,2Story,1Fam,7,5,2009,2009,PConc,7,1,644.0,2009,New,Partial,252678
60,9000,Pave,Inside,2Story,1Fam,8,5,2008,2008,PConc,6,0,676.0,2009,WD ,Normal,210000
20,7862,Pave,Inside,1Story,1Fam,6,5,2009,2009,PConc,4,0,676.0,2009,New,Partial,208300
20,7993,Pave,Inside,1Story,1Fam,7,5,2008,2009,PConc,6,0,529.0,2009,New,Partial,225000
20,8640,Pave,Inside,1Story,1Fam,8,5,2009,2009,PConc,6,0,552.0,2009,New,Partial,229456
20,8640,Pave,Inside,1Story,1Fam,7,5,2008,2008,PConc,7,0,625.0,2009,WD ,Normal,229800
20,12606,Pave,Inside,1Story,1Fam,9,5,2007,2008,PConc,7,1,984.0,2009,WD ,Normal,250000
20,9187,Pave,Inside,1Story,1Fam,9,5,2009,2009,PConc,7,1,478.0,2009,New,Partial,370878
20,7500,Pave,Inside,1Story,1Fam,8,5,2006,2007,PConc,6,1,692.0,2009,WD ,Normal,238500
60,11003,Pave,Inside,2Story,1Fam,10,5,2008,2008,PConc,10,1,812.0,2009,WD ,Normal,310000
60,10603,Pave,Inside,2Story,1Fam,8,5,2006,2006,PConc,8,1,782.0,2009,WD ,Normal,270000
60,10574,Pave,Inside,2Story,1Fam,8,5,2005,2006,PConc,9,1,1043.0,2009,WD ,Normal,252000
60,8125,Pave,Inside,2Story,1Fam,7,5,2006,2007,PConc,7,0,438.0,2009,WD ,Normal,241000
20,8125,Pave,Corner,1Story,1Fam,8,5,2008,2009,PConc,8,1,517.0,2009,New,Partial,264500
20,10625,Pave,Inside,1Story,1Fam,7,5,2006,2007,PConc,8,1,711.0,2009,WD ,Normal,291000
60,9375,Pave,Inside,2Story,1Fam,7,5,2003,2004,PConc,8,1,615.0,2009,WD ,Normal,263000
20,7500,Pave,Inside,1Story,1Fam,7,5,2004,2005,PConc,6,0,400.0,2009,WD ,Normal,185000
20,8736,Pave,Inside,1Story,1Fam,7,5,2003,2004,PConc,6,0,588.0,2009,WD ,Normal,234500
60,8127,Pave,Inside,2Story,1Fam,7,5,2003,2003,PConc,6,0,628.0,2009,WD ,Normal,209000
20,9605,Pave,Corner,1Story,1Fam,7,6,2007,2007,PConc,6,0,576.0,2009,WD ,Normal,159000
20,7500,Pave,Inside,1Story,1Fam,7,5,2006,2006,PConc,6,0,484.0,2009,WD ,Normal,152000
20,7500,Pave,Inside,1Story,1Fam,6,5,2004,2004,PConc,5,0,0.0,2009,WD ,Normal,143500
60,10628,Pave,Corner,2Story,1Fam,7,5,2004,2004,PConc,8,0,478.0,2009,WD ,Normal,193000
20,10141,Pave,Inside,1Story,1Fam,8,5,2004,2004,PConc,6,0,845.0,2009,WD ,Normal,203000
20,10083,Pave,Inside,1Story,1Fam,7,5,2003,2003,PConc,5,0,555.0,2009,WD ,Normal,184900
20,13072,Pave,Inside,1Story,1Fam,7,5,2004,2005,PConc,6,0,576.0,2009,WD ,Normal,159000
20,13072,Pave,Inside,1Story,1Fam,5,5,2004,2004,PConc,6,0,0.0,2009,WD ,Normal,142000
20,12450,Pave,Inside,1Story,1Fam,5,5,2003,2004,PConc,6,0,576.0,2009,WD ,Normal,153000
20,7328,Pave,Inside,1Story,1Fam,7,5,2008,2009,PConc,6,0,788.0,2009,New,Partial,224243
60,11492,Pave,CulDSac,2Story,1Fam,7,5,1996,1997,PConc,8,1,559.0,2009,WD ,Normal,220000
20,10994,Pave,Corner,1Story,1Fam,8,5,2005,2006,PConc,7,1,620.0,2009,COD,Abnorml,257000
20,8529,Pave,Inside,1Story,1Fam,7,5,2001,2001,PConc,6,1,527.0,2009,WD ,Normal,189000
60,7703,Pave,Inside,2Story,1Fam,6,6,1992,1992,PConc,6,0,528.0,2009,WD ,Normal,171500
160,10762,Pave,Corner,2Story,TwnhsE,6,6,1980,1980,CBlock,6,1,288.0,2009,WD ,Normal,120000
120,7175,Pave,Inside,1Story,TwnhsE,6,5,1990,1991,PConc,5,0,542.0,2009,WD ,Normal,145000
60,9109,Pave,Inside,2Story,1Fam,7,5,1994,1994,PConc,6,0,495.0,2009,WD ,Normal,184000
60,10274,Pave,CulDSac,2Story,1Fam,6,7,1986,1986,CBlock,6,0,465.0,2009,WD ,Normal,162000
90,8250,Pave,Inside,2Story,Duplex,6,7,1981,1981,Slab,8,2,612.0,2009,WD ,Normal,160000
20,8400,Pave,Inside,1Story,1Fam,4,4,1950,1950,CBlock,4,0,294.0,2009,WD ,Normal,82000
45,9000,Pave,Corner,1.5Unf,1Fam,6,3,1928,1950,BrkTil,5,0,360.0,2009,WD ,Normal,76000
20,9750,Pave,Inside,1Story,1Fam,5,5,1962,1962,CBlock,5,0,400.0,2009,WD ,Normal,110000
20,7064,Pave,Inside,1Story,1Fam,5,6,1977,1977,CBlock,6,0,484.0,2009,WD ,Normal,135000
20,8499,Pave,Corner,1Story,1Fam,5,6,1961,1961,CBlock,5,0,732.0,2009,WD ,Normal,141000
20,9079,Pave,Inside,1Story,1Fam,5,5,1961,1961,CBlock,5,0,440.0,2009,WD ,Normal,122000
20,9316,Pave,Inside,1Story,1Fam,5,5,1965,1965,CBlock,5,0,288.0,2009,Oth,Family,124100
20,7791,Pave,Inside,1Story,1Fam,5,8,1963,1995,CBlock,6,0,300.0,2009,WD ,Normal,129000
20,10000,Pave,Corner,1Story,1Fam,5,6,1961,1983,CBlock,6,1,264.0,2009,WD ,Normal,131400
20,8281,Pave,Inside,1Story,1Fam,5,5,1965,1965,CBlock,5,1,360.0,2009,WD ,Normal,62383
20,7150,Pave,Inside,1Story,1Fam,5,6,1962,1962,CBlock,6,0,252.0,2009,WD ,Normal,123000
20,15676,Pave,Inside,1Story,1Fam,8,8,1980,1980,CBlock,6,2,864.0,2009,WD ,Normal,275000
60,11949,Pave,Inside,2Story,1Fam,7,8,1991,2008,PConc,7,1,524.0,2009,WD ,Normal,235000
160,2880,Pave,Inside,2Story,Twnhs,7,5,2004,2005,PConc,9,1,704.0,2009,WD ,Normal,280750
160,3951,Pave,Corner,2Story,TwnhsE,6,5,2009,2009,PConc,4,0,528.0,2009,New,Partial,164500
160,3000,Pave,Inside,2Story,TwnhsE,6,5,2009,2009,PConc,4,0,528.0,2009,New,Partial,173733
120,3830,Pave,Inside,1Story,TwnhsE,6,5,2008,2008,PConc,6,1,561.0,2009,New,Partial,222000
120,4217,Pave,Inside,1Story,TwnhsE,6,5,2008,2008,PConc,5,1,641.0,2009,WD ,Normal,195000
160,3230,Pave,Inside,2Story,TwnhsE,6,5,1999,1999,PConc,6,0,440.0,2009,WD ,Normal,172500
160,2998,Pave,Inside,2Story,TwnhsE,6,5,2000,2000,PConc,4,0,440.0,2009,WD ,Normal,180000
160,3768,Pave,FR2,2Story,TwnhsE,7,5,1999,1999,PConc,6,0,506.0,2009,WD ,Normal,156000
160,2645,Pave,Inside,2Story,Twnhs,8,5,1999,2000,PConc,7,0,480.0,2009,WD ,Abnorml,172500
20,14694,Pave,Inside,1Story,1Fam,8,9,1977,2008,CBlock,5,1,642.0,2009,WD ,Normal,318750
120,3782,Pave,CulDSac,1Story,TwnhsE,8,5,1981,1981,CBlock,4,2,484.0,2009,WD ,Normal,211500
20,15417,Pave,Inside,1Story,1Fam,7,5,1981,1981,CBlock,7,0,540.0,2009,WD ,Normal,241600
80,9600,Pave,FR2,SLvl,1Fam,8,5,1976,1976,CBlock,5,1,527.0,2009,WD ,Abnorml,180500
20,9991,Pave,Corner,1Story,1Fam,4,4,1976,1993,CBlock,8,1,490.0,2009,WD ,Normal,150000
60,11700,Pave,Inside,2Story,1Fam,6,6,1968,1968,CBlock,8,0,441.0,2009,WD ,Normal,154000
20,11717,Pave,Inside,1Story,1Fam,6,6,1970,1970,CBlock,6,1,615.0,2009,WD ,Normal,185000
20,9156,Pave,Inside,1Story,1Fam,6,7,1968,1968,CBlock,7,1,462.0,2009,WD ,Normal,185750
60,10382,Pave,Corner,2Story,1Fam,7,6,1973,1973,CBlock,7,2,484.0,2009,WD ,Normal,200000
60,12732,Pave,CulDSac,2Story,1Fam,7,6,1974,1974,CBlock,7,2,784.0,2009,WD ,Normal,206000
60,12936,Pave,CulDSac,2Story,1Fam,6,6,1972,1972,CBlock,6,1,497.0,2009,WD ,Normal,162000
60,10400,Pave,Inside,2Story,1Fam,6,7,1967,1997,PConc,8,1,515.0,2009,WD ,Normal,256900
80,17871,Pave,CulDSac,SLvl,1Fam,6,5,1967,1976,CBlock,7,1,480.0,2009,WD ,Normal,197900
20,9600,Pave,Inside,1Story,1Fam,5,5,1969,1969,CBlock,6,1,502.0,2009,WD ,Normal,163000
20,9000,Pave,Inside,1Story,1Fam,6,5,1969,1969,CBlock,5,0,336.0,2009,WD ,Abnorml,113000
60,13774,Pave,Inside,2Story,1Fam,7,7,1977,1992,PConc,8,2,520.0,2009,WD ,Normal,230000
20,9650,Pave,Inside,1Story,1Fam,6,5,1977,1977,CBlock,6,1,630.0,2009,WD ,Normal,167900
20,10140,Pave,Inside,1Story,1Fam,7,5,1998,1999,PConc,7,1,583.0,2009,WD ,Normal,213250
60,8400,Pave,Inside,2Story,1Fam,8,6,2001,2001,PConc,6,0,528.0,2009,WD ,Normal,227000
20,7130,Pave,Inside,1Story,1Fam,5,6,1967,1967,PConc,5,0,312.0,2009,WD ,Normal,130000
20,9600,Pave,Inside,1Story,1Fam,5,5,1967,1967,CBlock,7,0,440.0,2009,COD,Normal,143000
20,9100,Pave,Inside,1Story,1Fam,5,6,1965,1965,CBlock,5,0,429.0,2009,WD ,Normal,117500
60,9600,Pave,Inside,2Story,1Fam,7,5,1974,1974,CBlock,8,1,498.0,2009,COD,Abnorml,168500
85,16500,Pave,Inside,SFoyer,1Fam,6,5,1971,1971,CBlock,5,1,495.0,2009,WD ,Normal,172500
20,9790,Pave,Inside,1Story,1Fam,6,5,1967,1967,CBlock,7,1,457.0,2009,WD ,Normal,161500
20,7436,Pave,Inside,1Story,1Fam,4,7,1960,1960,CBlock,5,1,396.0,2009,WD ,Normal,141500
20,8125,Pave,Inside,1Story,1Fam,5,7,1959,1959,CBlock,5,0,308.0,2009,WD ,Normal,118000
20,9100,Pave,Inside,1Story,1Fam,6,6,1959,1959,CBlock,5,0,300.0,2009,WD ,Normal,127500
20,9450,Pave,Corner,1Story,1Fam,4,5,1957,1957,CBlock,6,1,768.0,2009,WD ,Normal,140000
20,13495,Pave,Corner,1Story,1Fam,5,6,1956,1956,CBlock,7,1,576.0,2009,WD ,Normal,177625
90,11475,Pave,Corner,1Story,Duplex,5,5,1958,1958,CBlock,9,0,888.0,2009,COD,Abnorml,110000
20,10004,Pave,Inside,1Story,1Fam,6,6,1964,1964,CBlock,6,0,472.0,2009,WD ,Normal,167000
20,9350,Pave,Inside,1Story,1Fam,5,6,1961,1995,CBlock,6,1,610.0,2009,WD ,Normal,153000
20,10500,Pave,Inside,1Story,1Fam,5,5,1964,1964,CBlock,6,2,520.0,2009,COD,Abnorml,145100
20,11000,Pave,CulDSac,1Story,1Fam,5,6,1966,1966,CBlock,6,1,480.0,2009,WD ,Normal,154000
60,8970,Pave,Corner,2Story,1Fam,5,6,1965,1965,CBlock,7,1,549.0,2009,WD ,Normal,177500
80,12095,Pave,Corner,SLvl,1Fam,6,6,1964,1964,CBlock,7,1,645.0,2009,WD ,Normal,158000
20,9600,Pave,Corner,1Story,1Fam,5,6,1959,1959,CBlock,6,0,270.0,2009,WD ,Normal,124500
80,11475,Pave,Corner,SLvl,1Fam,6,6,1961,1961,CBlock,7,1,368.0,2009,WD ,Normal,174500
20,9768,Pave,Inside,1Story,1Fam,5,5,1955,1955,CBlock,5,0,330.0,2009,WD ,Normal,122000
30,5330,Pave,Inside,1Story,1Fam,4,7,1940,1950,CBlock,5,0,0.0,2009,WD ,Normal,82500
50,7015,Pave,Corner,1.5Fin,1Fam,5,4,1950,1950,CBlock,5,1,352.0,2009,WD ,Normal,110000
20,12160,Pave,Inside,1Story,1Fam,6,4,1953,1953,CBlock,6,1,505.0,2009,WD ,Normal,149500
20,9900,Pave,Inside,1Story,1Fam,6,5,1967,1967,CBlock,5,0,550.0,2009,WD ,Normal,175000
20,9600,Pave,Inside,1Story,1Fam,6,5,1953,1953,CBlock,7,2,418.0,2009,WD ,Normal,167000
20,9600,Pave,Inside,1Story,1Fam,5,6,1956,1956,CBlock,5,0,338.0,2009,WD ,Normal,128900
50,9600,Pave,Inside,1.5Fin,1Fam,6,8,1950,2005,CBlock,6,0,271.0,2009,WD ,Normal,140000
20,9600,Pave,Inside,1Story,1Fam,5,7,1950,2007,CBlock,5,1,264.0,2009,WD ,Normal,147000
90,8944,Pave,Inside,1Story,Duplex,5,5,1967,1967,CBlock,8,0,792.0,2009,WD ,Normal,124000
20,10573,Pave,Corner,1Story,1Fam,6,6,1961,1961,CBlock,6,1,530.0,2009,WD ,Normal,187500
20,9500,Pave,Inside,1Story,1Fam,6,5,1963,1963,CBlock,6,2,514.0,2009,WD ,Normal,159000
20,14695,Pave,Inside,1Story,1Fam,6,8,1966,2008,CBlock,5,2,542.0,2009,WD ,Normal,256000
60,13600,Pave,Inside,2Story,1Fam,7,6,1965,1990,CBlock,7,3,486.0,2009,WD ,Normal,205000
60,13000,Pave,Corner,2Story,1Fam,6,6,1968,1968,CBlock,8,1,509.0,2009,WD ,Normal,193500
20,13560,Pave,Corner,1Story,1Fam,6,3,1968,1968,CBlock,5,2,576.0,2009,WD ,Normal,110000
50,12513,Pave,FR2,1.5Fin,1Fam,4,4,1920,2007,BrkTil,7,1,368.0,2009,WD ,Normal,104900
20,8760,Pave,Inside,1Story,1Fam,5,7,1956,1956,CBlock,6,0,286.0,2009,WD ,Normal,150000
20,8400,Pave,Inside,1Story,1Fam,6,3,1957,1957,CBlock,6,2,442.0,2009,WD ,Normal,156500
20,12285,Pave,Inside,1Story,1Fam,7,6,1960,1960,CBlock,5,2,441.0,2009,WD ,Normal,176000
20,9240,Pave,Inside,1Story,1Fam,6,8,1959,1998,CBlock,6,0,297.0,2009,WD ,Normal,149500
20,9600,Pave,Inside,1Story,1Fam,6,6,1958,1988,CBlock,6,1,338.0,2009,WD ,Normal,139000
20,12400,Pave,Inside,1Story,1Fam,6,7,1958,1998,CBlock,6,0,297.0,2009,WD ,Normal,155000
20,8750,Pave,Inside,1Story,1Fam,5,5,1956,1956,CBlock,6,0,304.0,2009,COD,Abnorml,120000
20,8750,Pave,Inside,1Story,1Fam,5,5,1955,1955,CBlock,6,0,350.0,2009,WD ,Normal,153000
20,10400,Pave,Corner,1Story,1Fam,4,5,1956,1956,CBlock,6,2,294.0,2009,WD ,Family,144000
80,19296,Pave,Corner,SLvl,1Fam,6,5,1962,1962,CBlock,6,1,884.0,2009,WD ,Normal,176000
20,8532,Pave,Inside,1Story,1Fam,5,6,1954,1990,CBlock,5,1,498.0,2009,WD ,Normal,153000
90,9482,Pave,Inside,1Story,Duplex,5,4,1958,1958,PConc,8,0,495.0,2009,WD ,Normal,135000
20,8128,Pave,CulDSac,1Story,1Fam,6,7,1954,1954,CBlock,6,0,297.0,2009,WD ,Normal,131000
20,10634,Pave,Inside,1Story,1Fam,5,6,1953,1953,PConc,5,0,270.0,2009,WD ,Normal,123000
20,13070,Pave,Corner,1Story,1Fam,5,5,1951,1951,CBlock,5,0,480.0,2009,WD ,Normal,126000
20,10434,Pave,Inside,1Story,1Fam,4,5,1955,1955,CBlock,5,1,672.0,2009,WD ,Normal,115000
20,14559,Pave,Inside,1Story,1Fam,5,7,1951,2000,CBlock,6,2,288.0,2009,WD ,Normal,164900
30,8480,Pave,Corner,1Story,1Fam,5,6,1945,1950,CBlock,4,0,240.0,2009,WD ,Normal,113000
20,7626,Pave,Inside,1Story,1Fam,5,8,1952,2005,CBlock,5,0,230.0,2009,WD ,Normal,145500
20,9533,Pave,Inside,1Story,1Fam,5,5,1953,1953,Slab,7,0,616.0,2009,ConLD,Normal,102900
190,10615,Pave,Corner,2Story,2fmCon,3,5,1900,1970,CBlock,7,0,420.0,2009,WD ,Abnorml,95000
60,11419,Pave,Corner,2Story,1Fam,7,7,1948,1999,CBlock,6,1,410.0,2009,WD ,Normal,152500
20,9600,Pave,Inside,1Story,1Fam,5,6,1950,1950,CBlock,6,0,246.0,2009,WD ,Normal,129900
20,8000,Pave,Inside,1Story,1Fam,6,6,1948,2002,CBlock,5,1,240.0,2009,WD ,Normal,132000
20,5470,Pave,Inside,1Story,1Fam,3,5,1958,1958,CBlock,4,0,366.0,2009,WD ,Normal,99900
50,10410,Pave,Inside,1.5Fin,1Fam,5,7,1916,1987,CBlock,8,0,180.0,2009,WD ,Normal,135000
60,10800,Pave,Inside,2Story,1Fam,5,7,1939,2006,BrkTil,7,0,720.0,2009,WD ,Normal,149000
70,8146,Pave,Corner,2Story,1Fam,4,8,1900,2003,BrkTil,6,0,281.0,2009,WD ,Normal,114000
30,9022,Pave,Inside,1Story,1Fam,5,8,1924,2006,BrkTil,5,0,240.0,2009,WD ,Normal,109500
30,10230,Pave,Inside,1Story,1Fam,5,7,1925,1950,BrkTil,6,0,264.0,2009,WD ,Normal,125000
50,10410,Pave,Inside,1.5Fin,1Fam,4,5,1915,1950,BrkTil,8,1,528.0,2009,WD ,Normal,142900
70,7200,Pave,Corner,2Story,1Fam,7,9,1910,2008,PConc,5,0,624.0,2009,WD ,Normal,156500
30,5400,Pave,Inside,1Story,1Fam,2,5,1940,1950,PConc,4,0,0.0,2009,WD ,Normal,59000
50,5400,Pave,Corner,1.5Fin,1Fam,4,6,1920,1950,PConc,6,0,338.0,2009,WD ,Normal,105000
30,10800,Pave,Inside,1Story,1Fam,5,7,1920,1950,BrkTil,4,0,576.0,2009,WD ,Normal,106000
30,10800,Pave,Corner,1Story,1Fam,3,5,1890,1998,BrkTil,4,0,320.0,2009,WD ,Normal,78500
90,9671,Pave,Corner,2Story,Duplex,6,5,1969,1969,CBlock,12,0,907.0,2009,WD ,Normal,190000
20,10143,Pave,Inside,1Story,1Fam,6,7,1963,1963,CBlock,6,0,364.0,2009,WD ,Normal,154000
20,11500,Pave,Inside,1Story,1Fam,6,4,1967,1967,CBlock,6,1,480.0,2009,WD ,Normal,163000
90,11643,Pave,Inside,2Story,Duplex,5,5,1969,1969,CBlock,12,0,968.0,2009,WD ,Normal,200000
20,8010,Pave,Inside,1Story,1Fam,6,9,1958,2007,CBlock,6,0,480.0,2009,WD ,Normal,143500
20,10454,Pave,Corner,1Story,1Fam,6,6,1957,1957,CBlock,5,0,308.0,2009,WD ,Normal,135000
20,8712,Pave,Inside,1Story,1Fam,5,7,1957,2000,CBlock,5,0,756.0,2009,WD ,Normal,153000
20,17600,Pave,Inside,1Story,1Fam,6,5,1960,1960,CBlock,6,2,498.0,2009,WD ,Normal,157500
20,9000,Pave,Inside,1Story,1Fam,6,6,1958,1958,CBlock,5,1,384.0,2009,WD ,Normal,113500
40,12144,Pave,Inside,1Story,1Fam,5,7,1949,1950,CBlock,6,1,288.0,2009,WD ,Normal,133000
90,8544,Pave,Corner,1Story,Duplex,3,4,1950,1950,Slab,6,0,400.0,2009,WD ,Normal,92900
50,8064,Pave,Inside,1.5Fin,1Fam,6,5,1950,1950,CBlock,5,0,900.0,2009,COD,Abnorml,128500
90,7200,Pave,Inside,1Story,Duplex,4,5,1949,1950,Slab,6,0,420.0,2009,WD ,Normal,90000
50,7200,Pave,Inside,1.5Fin,1Fam,5,4,1950,1982,CBlock,7,0,240.0,2009,WD ,Normal,138000
20,7350,Pave,Inside,1Story,1Fam,5,6,1958,1958,CBlock,6,0,294.0,2009,WD ,Normal,128000
20,7560,Pave,Inside,1Story,1Fam,5,6,1958,1965,CBlock,6,0,294.0,2009,COD,Abnorml,139000
20,7200,Pave,Corner,1Story,1Fam,5,7,1952,1952,CBlock,4,0,240.0,2009,WD ,Normal,118900
80,8000,Pave,Inside,SLvl,1Fam,5,5,1959,1959,CBlock,6,0,288.0,2009,WD ,Normal,138000
20,7931,Pave,Inside,1Story,1Fam,5,5,1959,1959,CBlock,6,0,672.0,2009,WD ,Normal,132500
50,10800,Pave,Inside,1.5Fin,1Fam,4,7,1949,1996,CBlock,6,0,384.0,2009,WD ,Normal,133500
50,8064,Pave,Corner,1.5Fin,1Fam,6,7,1948,1994,CBlock,6,0,576.0,2009,COD,Abnorml,135000
60,7570,Pave,Corner,2Story,1Fam,6,5,1964,1964,CBlock,8,0,483.0,2009,WD ,Normal,144750
90,8604,Pave,Inside,SFoyer,Duplex,5,7,1978,1978,CBlock,4,0,564.0,2009,WD ,Normal,145000
20,7936,Pave,Inside,1Story,1Fam,6,6,1963,1963,CBlock,6,1,264.0,2009,WD ,Normal,127000
20,6600,Pave,Inside,1Story,1Fam,5,5,1962,1962,CBlock,5,0,308.0,2009,WD ,Normal,109500
50,3950,Pave,Inside,1.5Fin,1Fam,6,8,1926,2004,CBlock,5,0,210.0,2009,WD ,Normal,115000
50,10440,Pave,Corner,2Story,1Fam,5,6,1910,1981,PConc,5,0,440.0,2009,WD ,Normal,110000
50,4080,Pave,Inside,1.5Fin,1Fam,6,8,1935,1998,PConc,6,0,162.0,2009,WD ,Normal,128900
90,10307,Pave,Inside,2Story,Duplex,6,5,1910,1950,CBlock,12,0,324.0,2009,WD ,Normal,103500
50,5720,Pave,Inside,1.5Fin,1Fam,5,6,1941,1950,CBlock,5,0,200.0,2009,WD ,Abnorml,66500
50,15660,Pave,Inside,1.5Fin,1Fam,5,8,1910,2003,CBlock,6,0,472.0,2009,WD ,Normal,130000
70,9900,Pave,Corner,2Story,1Fam,5,8,1910,2002,CBlock,7,0,0.0,2009,WD ,Normal,129000
70,6406,Pave,Inside,2Story,1Fam,5,6,1939,1950,BrkTil,7,1,400.0,2009,WD ,Normal,150000
70,6600,Pave,Corner,2Story,1Fam,5,4,1892,1965,Stone,11,0,432.0,2009,WD ,Normal,107500
190,7627,Pave,Corner,2Story,2fmCon,4,6,1920,1950,BrkTil,8,0,0.0,2009,WD ,Normal,94550
90,7596,Pave,Inside,2Story,Duplex,5,5,1952,1952,CBlock,10,0,400.0,2009,COD,Normal,124500
60,3378,Pave,Inside,2Story,1Fam,7,8,1946,1992,CBlock,6,2,240.0,2009,WD ,Normal,135000
50,10134,Pave,Inside,1.5Fin,1Fam,5,5,1910,1950,BrkTil,6,0,0.0,2009,WD ,Normal,103000
20,6000,Pave,Inside,1Story,2fmCon,4,4,1953,1953,CBlock,4,0,576.0,2009,WD ,Normal,93000
50,6000,Pave,Inside,1.5Fin,1Fam,5,7,1950,1970,CBlock,6,0,308.0,2009,WD ,Normal,129500
190,6000,Pave,Inside,1.5Fin,2fmCon,5,4,1954,1954,CBlock,7,0,256.0,2009,WD ,Normal,93000
30,7404,Pave,Corner,1Story,1Fam,4,6,1920,1950,BrkTil,5,0,288.0,2009,Oth,Normal,80000
30,5925,Pave,Corner,1Story,1Fam,2,4,1940,1950,BrkTil,4,0,308.0,2009,WD ,Normal,45000
50,5925,Pave,Inside,1.5Fin,1Fam,3,6,1910,1950,BrkTil,6,0,0.0,2009,WD ,Abnorml,37900
30,5784,Pave,Inside,1Story,1Fam,5,8,1938,1996,BrkTil,4,0,273.0,2009,WD ,Normal,91300
30,8520,Pave,Inside,1Story,1Fam,5,8,1923,1950,PConc,5,0,287.0,2009,WD ,Normal,99500
190,4456,Pave,Inside,2Story,2fmCon,4,5,1920,2008,BrkTil,8,0,0.0,2009,New,Partial,113000
70,9600,Pave,Inside,2Story,1Fam,4,4,1910,1950,BrkTil,7,0,720.0,2009,WD ,Normal,87500
50,3500,Pave,Inside,1.5Fin,1Fam,5,7,1947,1950,CBlock,5,0,240.0,2009,WD ,Normal,110000
75,8100,Pave,Corner,2.5Unf,1Fam,5,5,1898,1965,PConc,11,0,360.0,2009,WD ,Normal,106000
70,11700,Pave,Corner,2Story,1Fam,7,7,1880,2003,Stone,8,1,864.0,2009,WD ,Normal,265979
70,8400,Pave,Corner,2Story,1Fam,6,7,1900,1950,BrkTil,8,0,357.0,2009,WD ,Normal,160000
70,3600,Pave,Inside,2Story,1Fam,6,7,1917,2007,BrkTil,5,1,280.0,2009,WD ,Normal,119000
70,17671,Pave,Corner,2Story,1Fam,8,9,1882,1986,BrkTil,8,1,424.0,2009,WD ,Normal,168000
30,3300,Pave,Inside,1Story,1Fam,4,3,1910,1950,BrkTil,5,1,0.0,2009,WD ,Normal,58500
70,9000,Pave,Inside,2Story,1Fam,7,9,1920,1988,PConc,7,0,324.0,2009,WD ,Normal,143000
30,7200,Pave,Inside,1Story,1Fam,5,4,1910,2006,BrkTil,4,0,280.0,2009,WD ,Normal,85000
50,8820,Pave,Corner,1.5Fin,1Fam,5,6,1890,1996,BrkTil,7,0,456.0,2009,WD ,Normal,124900
50,5400,Pave,Inside,1.5Fin,1Fam,6,6,1920,1950,BrkTil,6,0,207.0,2009,ConLI,Family,119000
70,9720,Pave,Inside,2Story,1Fam,6,7,1910,2002,PConc,8,0,640.0,2009,WD ,Normal,146500
30,7879,Pave,Inside,1Story,1Fam,4,5,1920,1950,CBlock,4,0,0.0,2009,WD ,Abnorml,34900
30,9392,Pave,Corner,1Story,1Fam,3,3,1900,1950,CBlock,5,0,0.0,2009,WD ,Abnorml,44000
70,21384,Pave,Inside,2Story,1Fam,5,6,1923,2004,CBlock,6,1,528.0,2009,WD ,Normal,223500
30,6615,Pave,Inside,1Story,1Fam,6,6,1923,1950,BrkTil,6,1,216.0,2009,WD ,Normal,149000
50,7264,Pave,Inside,1.5Fin,1Fam,7,7,1925,2007,BrkTil,5,0,672.0,2009,WD ,Normal,205000
70,4960,Pave,Inside,1.5Fin,1Fam,5,7,1930,1982,CBlock,7,1,336.0,2009,WD ,Normal,137000
30,8854,Pave,Inside,1.5Unf,1Fam,6,6,1916,1950,BrkTil,4,1,192.0,2009,WD ,Normal,121000
50,6000,Pave,Inside,1.5Fin,1Fam,4,6,1936,1950,BrkTil,6,0,240.0,2009,WD ,Normal,128000
50,6000,Pave,Inside,1.5Fin,1Fam,6,9,1937,2000,BrkTil,4,0,624.0,2009,WD ,Normal,134900
50,6000,Pave,Corner,1.5Fin,1Fam,5,8,1925,1997,BrkTil,5,1,216.0,2009,WD ,Normal,117000
50,6000,Pave,Inside,1.5Fin,1Fam,6,6,1939,1950,CBlock,6,1,280.0,2009,WD ,Normal,132500
50,6000,Pave,Corner,1.5Fin,1Fam,5,5,1924,1950,BrkTil,6,0,320.0,2009,WD ,Normal,93000
45,6000,Pave,Inside,1.5Unf,1Fam,6,7,1926,2004,PConc,4,0,180.0,2009,WD ,Normal,119000
30,6911,Pave,FR2,1Story,1Fam,5,5,1924,1950,PConc,5,0,440.0,2009,WD ,Normal,100000
50,6120,Pave,Corner,1.5Fin,1Fam,5,6,1936,1950,BrkTil,5,0,576.0,2009,WD ,Normal,141500
50,6120,Pave,Inside,1.5Fin,1Fam,4,7,1935,1995,BrkTil,6,0,240.0,2009,WD ,Normal,133000
30,6120,Pave,Inside,1Story,1Fam,2,3,1936,1950,BrkTil,4,1,0.0,2009,ConLw,Normal,60000
30,6120,Pave,Corner,1Story,1Fam,5,7,1931,1993,BrkTil,5,0,180.0,2009,WD ,Normal,105000
30,6120,Pave,Inside,1Story,1Fam,5,6,1925,1999,BrkTil,5,0,264.0,2009,WD ,Abnorml,115000
50,6120,Pave,Inside,1.5Fin,1Fam,5,6,1938,1950,BrkTil,6,1,250.0,2009,WD ,Normal,150000
30,8635,Pave,Inside,1Story,1Fam,5,5,1925,1950,BrkTil,5,0,1184.0,2009,WD ,Normal,126500
75,11888,Pave,Inside,2.5Unf,1Fam,6,6,1916,1994,BrkTil,10,0,441.0,2009,WD ,Normal,214500
70,11414,Pave,Corner,2Story,1Fam,7,8,1910,1993,BrkTil,8,0,532.0,2009,WD ,Normal,167500
70,8094,Pave,Inside,2Story,1Fam,6,6,1915,1950,PConc,8,0,576.0,2009,WD ,Normal,155000
70,2500,Pave,Corner,2Story,1Fam,7,8,1915,2005,PConc,7,1,164.0,2009,WD ,Normal,155000
70,9928,Pave,Inside,2Story,1Fam,7,8,1915,1994,BrkTil,8,0,216.0,2009,WD ,Normal,179900
75,5520,Pave,Corner,2.5Fin,1Fam,6,6,1912,1950,CBlock,8,0,0.0,2009,WD ,Abnorml,104000
90,3000,Pave,Inside,2Story,Duplex,5,1,1922,1950,BrkTil,11,0,0.0,2009,WD ,Abnorml,62500
70,6876,Pave,Inside,2Story,1Fam,6,5,1927,1950,CBlock,8,0,316.0,2009,WD ,Normal,149000
30,6240,Pave,Inside,1.5Fin,1Fam,4,5,1925,1950,CBlock,5,0,539.0,2009,WD ,Normal,103000
70,5775,Pave,Corner,2Story,1Fam,6,7,1915,2002,BrkTil,7,0,379.0,2009,WD ,Normal,123000
190,5852,Pave,Corner,2.5Unf,2fmCon,7,5,1902,2000,BrkTil,9,0,0.0,2009,WD ,Normal,97500
50,5160,Pave,Corner,1.5Fin,1Fam,6,6,1927,1950,BrkTil,4,0,384.0,2009,WD ,Normal,135000
85,5160,Pave,Inside,SFoyer,1Fam,4,6,1923,1950,PConc,5,0,0.0,2009,COD,Abnorml,70000
190,10320,Pave,Inside,2Story,2fmCon,6,7,1915,1965,CBlock,7,0,308.0,2009,WD ,Normal,116000
20,4280,Pave,Inside,1Story,1Fam,4,9,1946,2001,CBlock,4,0,220.0,2009,WD ,Normal,88750
90,10800,Pave,Inside,1Story,Duplex,5,5,1987,1988,CBlock,5,0,0.0,2009,WD ,Alloca,179000
90,10800,Pave,Inside,1Story,Duplex,5,5,1987,1988,CBlock,5,0,0.0,2009,WD ,Alloca,179000
90,10547,Pave,Inside,SFoyer,Duplex,5,5,1978,1978,PConc,6,0,252.0,2009,WD ,Normal,159900
30,10020,Pave,Inside,1Story,1Fam,1,1,1922,1950,BrkTil,4,0,0.0,2009,WD ,Normal,61000
70,6629,Pave,Inside,2Story,1Fam,6,6,1925,1950,BrkTil,6,0,300.0,2009,WD ,Normal,103600
50,9780,Pave,Inside,1.5Fin,1Fam,5,3,1934,1950,PConc,6,0,226.0,2009,WD ,Normal,63000
80,12886,Pave,Inside,SLvl,1Fam,5,6,1963,1999,CBlock,6,1,480.0,2009,WD ,Normal,175000
20,8816,Pave,Corner,1Story,1Fam,5,6,1963,1963,PConc,5,0,480.0,2009,WD ,Normal,139000
60,11184,Pave,Inside,2Story,1Fam,6,5,1978,1978,CBlock,7,1,440.0,2009,WD ,Normal,172500
20,11625,Pave,Inside,1Story,1Fam,5,6,1967,1967,CBlock,6,1,668.0,2009,WD ,Abnorml,113500
20,7800,Pave,Inside,1Story,1Fam,5,7,1967,2004,PConc,5,0,288.0,2009,WD ,Normal,130000
85,8014,Pave,CulDSac,SFoyer,1Fam,6,5,1978,1978,CBlock,5,1,504.0,2009,WD ,Normal,149900
85,7252,Pave,CulDSac,SFoyer,1Fam,5,5,1982,1982,CBlock,5,0,576.0,2009,WD ,Normal,134900
85,8740,Pave,Inside,SFoyer,1Fam,5,6,1982,1982,CBlock,4,0,528.0,2009,WD ,Normal,137000
20,11616,Pave,Inside,1Story,1Fam,5,5,1962,1962,CBlock,6,1,288.0,2009,WD ,Normal,139000
80,15400,Pave,Inside,SLvl,1Fam,5,5,1961,1961,CBlock,8,1,384.0,2009,WD ,Normal,165000
80,15312,Pave,Inside,SLvl,1Fam,6,5,1960,1960,CBlock,6,1,480.0,2009,COD,Normal,148000
80,15584,Pave,Inside,SLvl,1Fam,5,5,1956,1956,CBlock,9,1,336.0,2009,WD ,Normal,165000
20,9000,Pave,Corner,1Story,1Fam,2,2,1947,1950,Slab,5,0,0.0,2009,WD ,Normal,63900
50,11250,Pave,Inside,1.5Fin,1Fam,4,5,1957,1989,CBlock,8,2,304.0,2009,WD ,Normal,161500
20,25095,Pave,Inside,1Story,1Fam,5,8,1968,2003,CBlock,5,2,452.0,2009,WD ,Partial,143000
20,17140,Pave,Inside,1Story,1Fam,4,6,1956,1956,CBlock,6,0,284.0,2009,WD ,Normal,135000
30,12342,Pave,Inside,1Story,1Fam,4,5,1940,1950,CBlock,4,0,539.0,2009,WD ,Normal,82500
20,10708,Pave,Inside,1Story,1Fam,5,5,1955,1993,CBlock,7,3,303.0,2009,COD,Normal,190000
20,13680,Pave,CulDSac,1Story,1Fam,3,5,1955,1955,Slab,8,1,452.0,2009,WD ,Normal,139600
20,15635,Pave,CulDSac,1Story,1Fam,4,5,1954,1954,CBlock,6,0,498.0,2009,WD ,Normal,122000
20,9855,Pave,Corner,1Story,1Fam,6,5,1956,1956,CBlock,7,1,480.0,2009,COD,Normal,127500
20,9571,Pave,Inside,1Story,1Fam,5,5,1956,1956,CBlock,5,0,340.0,2009,WD ,Normal,121500
20,9571,Pave,Inside,1Story,1Fam,5,3,1958,1958,CBlock,5,0,350.0,2009,COD,Abnorml,60000
60,9350,Pave,Inside,2Story,1Fam,6,7,1946,1950,CBlock,6,1,240.0,2009,WD ,Normal,154400
30,9340,Pave,Inside,1Story,1Fam,4,6,1941,1950,CBlock,4,0,234.0,2009,WD ,Normal,113000
20,7440,Pave,Inside,1Story,1Fam,5,6,1954,1954,CBlock,5,1,252.0,2009,WD ,Normal,125000
20,11500,Pave,CulDSac,1Story,1Fam,4,3,1957,1957,Slab,5,0,290.0,2009,WD ,Normal,84000
120,4235,Pave,Inside,1Story,TwnhsE,5,5,1984,1984,CBlock,5,0,266.0,2009,WD ,Normal,139500
50,11409,Pave,Inside,1.5Fin,1Fam,5,4,1949,2008,CBlock,8,1,281.0,2009,WD ,Normal,131000
50,9060,Pave,Inside,1.5Fin,1Fam,6,5,1939,1950,BrkTil,6,0,280.0,2009,WD ,Normal,105000
70,9084,Pave,Inside,2Story,1Fam,4,5,1940,1950,CBlock,7,1,296.0,2009,WD ,Normal,108000
80,10778,Pave,Inside,SLvl,1Fam,7,6,1990,1991,PConc,4,0,462.0,2009,WD ,Normal,162000
80,19255,Pave,Inside,SLvl,1Fam,6,5,1983,1983,CBlock,5,1,576.0,2009,WD ,Normal,156500
50,12327,Pave,Inside,1.5Fin,1Fam,8,8,1983,2009,CBlock,5,1,612.0,2009,WD ,Normal,316600
20,14684,Pave,CulDSac,1Story,1Fam,7,7,1990,1991,CBlock,7,1,701.0,2009,WD ,Normal,271900
60,9317,Pave,Inside,2Story,1Fam,7,5,1993,1993,PConc,7,1,425.0,2009,WD ,Normal,213000
60,10560,Pave,Corner,2Story,1Fam,7,5,1993,1994,PConc,8,1,473.0,2009,WD ,Normal,239900
60,9828,Pave,Inside,2Story,1Fam,8,5,1995,1995,PConc,8,1,466.0,2009,WD ,Normal,239500
70,26400,Pave,FR2,2Story,1Fam,5,7,1880,2007,PConc,7,1,576.0,2009,WD ,Normal,131000
90,7018,Pave,Inside,1Story,Duplex,5,5,1979,1979,Slab,8,0,410.0,2009,WD ,Alloca,118964
90,7018,Pave,Inside,SFoyer,Duplex,5,5,1979,1979,CBlock,6,2,528.0,2009,WD ,Alloca,153337
90,7018,Pave,Inside,2Story,Duplex,5,5,1979,1979,Slab,8,0,720.0,2009,WD ,Alloca,147983
90,7018,Pave,Inside,1Story,Duplex,5,5,1979,1979,Slab,8,0,400.0,2009,WD ,Alloca,118858
90,7018,Pave,Inside,1Story,Duplex,5,5,1979,1979,Slab,8,0,400.0,2009,WD ,Alloca,118858
90,7018,Pave,Inside,2Story,Duplex,5,5,1979,1979,Slab,12,0,528.0,2009,WD ,Alloca,142953
90,7040,Pave,Inside,SFoyer,Duplex,5,5,1979,1979,CBlock,6,2,672.0,2009,WD ,Alloca,148325
90,7007,Pave,Inside,1Story,Duplex,5,5,1979,1979,Slab,8,0,400.0,2009,WD ,Alloca,113722
90,11855,Pave,Inside,2Story,Duplex,7,5,2000,2000,PConc,8,2,820.0,2009,WD ,Normal,269500
90,7939,Pave,Inside,2Story,Duplex,7,5,2000,2000,PConc,8,2,820.0,2009,WD ,Normal,269500
90,7976,Pave,Inside,2Story,Duplex,7,5,2000,2000,PConc,8,2,820.0,2009,WD ,Normal,269500
20,10933,Pave,Inside,1Story,1Fam,9,5,2009,2009,PConc,8,1,1138.0,2009,New,Partial,323262
20,10637,Pave,Inside,1Story,1Fam,8,5,2007,2008,PConc,7,1,826.0,2009,WD ,Normal,297000
20,10226,Pave,Inside,1Story,1Fam,8,5,2008,2008,PConc,8,1,860.0,2009,WD ,Normal,295493
20,10816,Pave,Inside,1Story,1Fam,9,5,2008,2008,PConc,8,1,846.0,2009,WD ,Normal,332000
20,9178,Pave,Inside,1Story,1Fam,8,5,2008,2008,PConc,6,1,904.0,2009,WD ,Normal,239900
60,10769,Pave,Inside,2Story,1Fam,8,5,2007,2007,PConc,7,0,578.0,2009,WD ,Normal,212000
20,11422,Pave,Inside,1Story,1Fam,8,5,2007,2008,PConc,7,2,524.0,2009,WD ,Normal,272500
20,11923,Pave,Corner,1Story,1Fam,9,5,2007,2007,PConc,7,0,702.0,2009,WD ,Normal,239000
20,8814,Pave,Inside,1Story,1Fam,7,5,2006,2006,PConc,8,1,660.0,2009,WD ,Abnorml,220000
20,6762,Pave,Inside,1Story,1Fam,7,5,2007,2007,PConc,6,1,662.0,2009,WD ,Normal,200000
20,10324,Pave,Corner,1Story,1Fam,8,5,2008,2008,PConc,5,0,810.0,2009,WD ,Normal,221800
20,7314,Pave,Inside,1Story,1Fam,7,5,2007,2007,PConc,6,0,632.0,2009,WD ,Normal,194500
20,11645,Pave,Inside,1Story,1Fam,8,5,2005,2006,PConc,7,1,844.0,2009,WD ,Normal,237000
60,11646,Pave,Inside,2Story,1Fam,6,5,2005,2006,PConc,7,1,440.0,2009,WD ,Normal,173000
80,12800,Pave,Inside,SLvl,1Fam,7,5,1989,1989,PConc,5,1,569.0,2009,WD ,Normal,275000
60,16698,Pave,CulDSac,2Story,1Fam,7,5,1992,1993,PConc,7,1,525.0,2009,WD ,Normal,233500
60,28698,Pave,CulDSac,2Story,1Fam,5,5,1967,1967,PConc,7,0,538.0,2009,WD ,Abnorml,185000
20,12464,Pave,Corner,1Story,1Fam,5,5,1996,1996,PConc,6,0,576.0,2009,WD ,Normal,152000
20,9757,Pave,Inside,1Story,1Fam,5,7,1994,1994,PConc,5,0,440.0,2009,WD ,Normal,143000
60,15426,Pave,Inside,2Story,1Fam,6,5,1997,1997,PConc,7,0,470.0,2009,WD ,Normal,231500
60,10667,Pave,CulDSac,2Story,1Fam,7,6,1996,1996,PConc,6,1,550.0,2009,ConLw,Normal,212000
20,14753,Pave,Inside,1Story,1Fam,7,5,1998,1998,PConc,5,0,539.0,2009,WD ,Normal,207000
20,10859,Pave,Corner,1Story,1Fam,5,5,1994,1995,PConc,6,0,672.0,2009,WD ,Normal,145000
20,8072,Pave,Inside,1Story,1Fam,5,5,1994,1995,PConc,5,0,480.0,2009,WD ,Normal,138000
60,10400,Pave,Corner,2Story,1Fam,7,5,1998,1998,PConc,6,0,546.0,2009,WD ,Normal,197900
20,10335,Pave,Inside,1Story,1Fam,7,5,1999,1999,PConc,6,0,577.0,2009,WD ,Normal,204000
20,9017,Pave,Inside,1Story,1Fam,7,5,1999,1999,PConc,6,0,666.0,2009,WD ,Normal,192000
60,8750,Pave,Inside,2Story,1Fam,6,5,1998,1998,PConc,7,1,492.0,2009,WD ,Normal,200000
60,8935,Pave,Inside,2Story,1Fam,7,5,2002,2002,PConc,7,0,493.0,2009,WD ,Normal,195000
20,9808,Pave,Inside,1Story,1Fam,7,5,2002,2002,PConc,6,0,544.0,2009,WD ,Normal,227000
60,12420,Pave,Inside,2Story,1Fam,7,5,2001,2001,PConc,6,0,622.0,2009,WD ,Normal,230000
20,16285,Pave,Inside,1Story,1Fam,7,5,2001,2002,PConc,6,0,605.0,2009,WD ,Normal,187100
20,10739,Pave,Inside,1Story,1Fam,7,5,2002,2001,PConc,6,0,577.0,2009,WD ,Normal,203000
20,11166,Pave,Inside,1Story,1Fam,7,5,2001,2001,PConc,6,1,608.0,2009,WD ,Family,201000
20,8430,Pave,Inside,1Story,1Fam,5,5,1978,1978,CBlock,5,0,0.0,2009,WD ,Normal,124000
20,16269,Pave,CulDSac,1Story,1Fam,5,5,1978,1978,BrkTil,5,0,343.0,2009,WD ,Normal,140000
20,6950,Pave,Inside,1Story,1Fam,5,7,1979,1979,CBlock,5,0,444.0,2009,WD ,Normal,134900
20,8800,Pave,Inside,1Story,1Fam,5,7,1977,2008,CBlock,5,0,484.0,2009,WD ,Normal,150500
20,7000,Pave,CulDSac,1Story,1Fam,5,8,1978,2005,CBlock,6,0,336.0,2009,WD ,Normal,136500
20,9286,Pave,CulDSac,1Story,1Fam,5,7,1977,1989,CBlock,5,0,252.0,2009,WD ,Normal,143500
20,15523,Pave,CulDSac,1Story,1Fam,5,6,1972,1972,CBlock,5,1,338.0,2009,WD ,Normal,133500
20,7200,Pave,Inside,1Story,1Fam,5,5,1972,1972,CBlock,6,0,600.0,2009,WD ,Normal,123000
85,7200,Pave,Inside,SFoyer,1Fam,5,8,1972,2003,CBlock,5,0,396.0,2009,WD ,Normal,133900
85,8445,Pave,Corner,SFoyer,1Fam,5,7,1972,2007,CBlock,5,0,396.0,2009,WD ,Normal,133000
20,11664,Pave,Corner,1Story,1Fam,7,5,2002,2002,PConc,6,0,1231.0,2009,WD ,Normal,250000
60,12334,Pave,Inside,2Story,1Fam,8,5,2003,2003,PConc,8,1,570.0,2009,WD ,Normal,254750
20,11838,Pave,Inside,1Story,1Fam,8,5,2001,2001,PConc,7,1,522.0,2009,WD ,Normal,236500
60,11885,Pave,Inside,2Story,1Fam,8,5,2001,2001,PConc,7,1,531.0,2009,WD ,Normal,261500
60,11050,Pave,Inside,2Story,1Fam,9,5,2000,2000,PConc,8,2,736.0,2009,WD ,Normal,313000
60,8749,Pave,Inside,2Story,1Fam,7,5,2002,2002,PConc,6,0,550.0,2009,WD ,Normal,198500
60,11250,Pave,Corner,2Story,1Fam,7,5,2001,2001,PConc,6,0,608.0,2009,WD ,Normal,211000
20,15750,Pave,FR3,1Story,1Fam,8,5,1999,2000,PConc,5,1,521.0,2009,WD ,Normal,220000
20,11883,Pave,Inside,1Story,1Fam,7,5,1996,1996,PConc,6,1,478.0,2009,WD ,Normal,203000
20,12782,Pave,Inside,1Story,1Fam,8,5,2002,2003,PConc,7,1,523.0,2009,WD ,Normal,279500
20,8750,Pave,Inside,1Story,1Fam,7,5,1997,1998,PConc,7,1,511.0,2009,WD ,Normal,210000
60,9375,Pave,Inside,2Story,1Fam,7,5,1997,1998,PConc,8,0,645.0,2009,WD ,Normal,219500
60,8750,Pave,Inside,2Story,1Fam,7,5,1996,1996,PConc,7,1,512.0,2009,WD ,Normal,191000
20,9100,Pave,Inside,1Story,1Fam,7,5,2001,2001,PConc,6,0,573.0,2009,WD ,Normal,178000
20,9750,Pave,Inside,1Story,1Fam,7,5,2000,2001,PConc,6,1,451.0,2009,WD ,Normal,213000
120,4435,Pave,Inside,1Story,TwnhsE,6,5,2003,2004,PConc,4,0,420.0,2009,WD ,Normal,144000
120,4435,Pave,Inside,1Story,TwnhsE,6,5,2003,2003,PConc,4,0,420.0,2009,WD ,Normal,140000
20,10200,Pave,Inside,1Story,1Fam,8,5,2007,2007,PConc,7,1,810.0,2009,WD ,Normal,293200
60,9313,Pave,Inside,2Story,1Fam,7,5,2004,2004,PConc,7,0,572.0,2009,WD ,Normal,190000
20,8487,Pave,FR2,1Story,1Fam,7,5,2004,2004,PConc,6,0,570.0,2009,WD ,Normal,190000
60,8633,Pave,FR2,2Story,1Fam,6,5,2005,2005,PConc,7,0,540.0,2009,WD ,Normal,173500
60,11069,Pave,Corner,2Story,1Fam,6,5,2007,2007,PConc,6,1,440.0,2009,WD ,Normal,170000
20,8777,Pave,Inside,1Story,1Fam,4,5,1949,2003,CBlock,5,0,520.0,2009,WD ,Normal,108000
20,9937,Pave,Corner,1Story,1Fam,5,7,1964,1999,PConc,7,0,480.0,2009,WD ,Normal,167000
20,8877,Pave,Inside,1Story,1Fam,4,6,1938,1958,CBlock,3,1,288.0,2009,WD ,Normal,100000
85,7301,Pave,Corner,SFoyer,1Fam,7,5,2003,2003,Slab,7,1,672.0,2009,ConLD,Normal,198500
60,7950,Pave,Corner,2Story,1Fam,6,6,1977,1977,CBlock,6,0,440.0,2009,WD ,Normal,159500
20,10682,Pave,Inside,1Story,1Fam,4,6,1960,1971,CBlock,7,0,544.0,2009,WD ,Normal,127000
80,7200,Pave,Inside,SLvl,1Fam,6,6,1976,1976,CBlock,6,1,352.0,2009,WD ,Abnorml,125000
20,13286,Pave,Inside,1Story,1Fam,9,5,2007,2008,PConc,8,1,768.0,2009,WD ,Normal,320000
180,3675,Pave,Inside,SFoyer,TwnhsE,6,5,2005,2006,Wood,5,0,525.0,2009,WD ,Normal,145500
20,9405,Pave,Inside,1Story,1Fam,5,9,1947,2008,CBlock,4,0,0.0,2009,WD ,Normal,118000
20,6410,Pave,Inside,1Story,1Fam,4,5,1959,1959,CBlock,5,0,320.0,2009,WD ,Normal,85000
20,11767,Pave,Inside,1Story,1Fam,5,5,1950,1950,CBlock,6,0,195.0,2009,WD ,Normal,120000
50,8405,Pave,Inside,1.5Fin,1Fam,4,3,1945,1950,Slab,9,0,240.0,2009,WD ,Normal,98000
30,4060,Pave,Corner,1Story,1Fam,5,8,1922,1950,PConc,4,0,0.0,2009,WD ,Normal,99900
20,10206,Pave,Corner,1Story,1Fam,3,3,1952,1952,Slab,4,0,528.0,2009,WD ,Normal,82000
90,10926,Pave,Inside,1Story,Duplex,5,5,1959,1959,CBlock,10,0,0.0,2009,WD ,Normal,119900
20,11767,Pave,Inside,1Story,1Fam,5,5,1956,1956,CBlock,7,1,313.0,2009,WD ,Normal,103500
20,8926,Pave,Corner,1Story,1Fam,4,3,1956,1956,CBlock,5,0,288.0,2009,COD,Abnorml,112000
50,12354,Pave,Corner,1.5Fin,1Fam,6,8,1920,2000,BrkTil,7,0,528.0,2009,ConLI,Normal,110000
50,8212,Pave,Inside,1.5Fin,1Fam,5,6,1941,1950,CBlock,6,2,256.0,2009,WD ,Normal,122000
50,10998,Pave,Inside,1.5Fin,1Fam,5,5,1941,1960,CBlock,6,0,660.0,2009,WD ,Normal,117000
50,6300,Pave,Corner,1.5Fin,1Fam,5,4,1938,1950,PConc,7,2,250.0,2009,WD ,Abnorml,160000
50,4500,Pave,Inside,1.5Fin,1Fam,5,5,1932,2000,BrkTil,6,0,281.0,2009,WD ,Abnorml,159434
30,8400,Pave,Inside,1Story,1Fam,2,5,1920,1950,CBlock,3,0,246.0,2009,WD ,Normal,60000
50,9900,Pave,Inside,1.5Fin,1Fam,6,7,1940,1950,BrkTil,7,1,240.0,2009,WD ,Normal,139500
75,15863,Pave,Corner,2.5Fin,1Fam,7,3,1920,1970,BrkTil,12,2,672.0,2009,WD ,Normal,197000
70,5707,Pave,Inside,2Story,1Fam,6,6,1935,1950,BrkTil,6,1,180.0,2009,WD ,Normal,105000
50,7804,Pave,Inside,1.5Fin,1Fam,4,3,1928,1950,BrkTil,7,2,576.0,2009,WD ,Normal,135000
30,8574,Pave,Inside,1Story,1Fam,6,8,1916,2000,BrkTil,6,1,440.0,2009,WD ,Normal,147500
50,6171,Pave,Inside,1.5Fin,1Fam,6,6,1925,1990,BrkTil,7,1,216.0,2009,WD ,Normal,137450
70,7200,Pave,Inside,2Story,1Fam,7,9,1936,2007,PConc,6,0,576.0,2009,WD ,Normal,155000
50,7558,Pave,Inside,1.5Fin,1Fam,6,6,1928,1950,BrkTil,9,1,342.0,2009,WD ,Normal,177000
50,6292,Pave,Inside,1.5Fin,1Fam,7,7,1928,1950,BrkTil,6,1,216.0,2009,WD ,Normal,145000
70,7155,Pave,Inside,2Story,1Fam,7,8,1918,1990,BrkTil,6,1,215.0,2009,WD ,Normal,137000
70,10918,Pave,Inside,2Story,1Fam,7,9,1926,2004,BrkTil,9,2,282.0,2009,WD ,Normal,234000
50,13680,Pave,Inside,1.5Fin,1Fam,5,6,1940,1950,CBlock,6,2,440.0,2009,WD ,Normal,205000
70,7500,Pave,Inside,2Story,1Fam,6,7,1942,1950,CBlock,7,2,213.0,2009,WD ,Normal,177500
50,9600,Pave,Inside,1.5Fin,1Fam,5,7,1940,1950,BrkTil,7,2,256.0,2009,WD ,Normal,160000
20,14680,Pave,Inside,1Story,1Fam,5,4,1960,1960,CBlock,5,0,307.0,2009,WD ,Normal,155000
30,13360,Pave,Inside,1Story,1Fam,5,7,1921,2006,BrkTil,5,0,432.0,2009,WD ,Normal,163500
50,7681,Pave,FR2,1.5Fin,1Fam,5,6,1921,1950,BrkTil,7,1,186.0,2009,WD ,Normal,154900
90,8145,Pave,Corner,2.5Unf,Duplex,7,6,1940,1950,BrkTil,13,2,400.0,2009,WD ,Normal,205000
20,9100,Pave,Inside,1Story,1Fam,5,6,1954,1954,BrkTil,6,1,390.0,2009,WD ,Family,144800
70,12000,Pave,Inside,2Story,1Fam,7,7,1941,1950,CBlock,7,1,234.0,2009,WD ,Normal,174500
20,13339,Pave,Inside,1Story,1Fam,6,6,1960,1960,CBlock,6,1,463.0,2009,WD ,Normal,193000
50,15600,Pave,Inside,1.5Fin,1Fam,5,7,1949,2005,BrkTil,7,1,295.0,2009,WD ,Normal,158000
20,14000,Pave,Inside,1Story,1Fam,6,8,1950,2004,CBlock,6,1,300.0,2009,WD ,Family,158500
20,17500,Pave,Corner,1Story,1Fam,6,5,1954,1954,PConc,6,2,576.0,2009,WD ,Normal,224000
160,1733,Pave,Inside,2Story,Twnhs,6,6,1980,1980,CBlock,5,1,452.0,2009,WD ,Normal,115000
160,1488,Pave,Inside,2Story,TwnhsE,6,6,1980,1992,CBlock,5,1,462.0,2009,WD ,Normal,137000
160,1612,Pave,Inside,2Story,Twnhs,6,6,1980,1980,CBlock,5,1,462.0,2009,WD ,Normal,121000
160,1300,Pave,Inside,2Story,TwnhsE,6,6,1980,1980,CBlock,5,1,462.0,2009,WD ,Normal,124000
80,13607,Pave,Inside,SLvl,1Fam,6,6,1986,1986,CBlock,6,1,501.0,2009,WD ,Normal,208000
20,17597,Pave,Inside,1Story,1Fam,7,9,1971,2009,CBlock,7,2,551.0,2009,WD ,Normal,315000
20,21695,Pave,Corner,1Story,1Fam,6,9,1988,2007,CBlock,5,1,540.0,2009,WD ,Normal,222000
70,10690,Pave,Inside,2Story,1Fam,5,7,1920,1997,CBlock,6,0,468.0,2009,WD ,Normal,147000
70,8660,Pave,Inside,2Story,1Fam,5,6,1900,1993,BrkTil,11,0,576.0,2009,WD ,Normal,123000
70,6402,Pave,Corner,2Story,1Fam,5,5,1920,1950,PConc,6,0,189.0,2009,WD ,Normal,78000
50,8470,Pave,Corner,1.5Fin,1Fam,3,2,1915,1982,CBlock,6,0,0.0,2009,ConLD,Abnorml,85000
30,10200,Pave,Inside,1Story,1Fam,4,6,1925,1950,BrkTil,4,0,200.0,2009,WD ,Normal,75000
120,3843,Pave,Inside,1Story,TwnhsE,8,5,2007,2008,PConc,5,1,482.0,2009,New,Partial,230000
30,21780,Grvl,Inside,1Story,1Fam,2,4,1910,1950,CBlock,4,0,280.0,2009,ConLD,Normal,57625
60,10125,Pave,Inside,2Story,1Fam,8,5,2000,2001,PConc,7,1,642.0,2009,WD ,Normal,251000
50,12822,Pave,CulDSac,1.5Fin,1Fam,7,5,2003,2003,PConc,6,1,670.0,2009,WD ,Abnorml,239686
20,12118,Pave,CulDSac,1Story,1Fam,7,5,2004,2005,PConc,7,1,550.0,2009,WD ,Normal,240000
60,12209,Pave,CulDSac,2Story,1Fam,6,5,2001,2002,PConc,7,1,560.0,2009,WD ,Normal,215000
85,9750,Pave,Inside,SFoyer,1Fam,6,6,1977,1977,CBlock,5,1,351.0,2009,WD ,Normal,156450
85,9360,Pave,Inside,SFoyer,1Fam,6,7,1977,1977,CBlock,5,2,541.0,2009,WD ,Normal,173000
90,10125,Pave,Inside,1.5Fin,Duplex,5,5,1977,1977,CBlock,8,0,539.0,2009,COD,Normal,126000
80,9947,Pave,CulDSac,SLvl,1Fam,7,5,1990,1991,PConc,6,0,497.0,2009,WD ,Normal,173000
20,11070,Pave,Inside,1Story,1Fam,5,5,1991,1991,PConc,5,0,672.0,2009,COD,Abnorml,152000
20,14375,Pave,CulDSac,SLvl,1Fam,6,6,1958,1958,CBlock,7,1,525.0,2009,COD,Abnorml,137500
20,215245,Pave,Inside,1Story,1Fam,7,5,1965,1965,CBlock,8,2,513.0,2009,WD ,Normal,375000
20,12898,Pave,Inside,1Story,1Fam,9,5,2007,2008,PConc,6,1,912.0,2009,WD ,Normal,315500
60,13159,Pave,Corner,2Story,1Fam,7,5,2009,2009,PConc,6,0,650.0,2009,New,Partial,224500
20,13438,Pave,Corner,1Story,1Fam,9,5,2008,2008,CBlock,9,1,780.0,2009,WD ,Normal,410000
20,14463,Pave,Corner,1Story,1Fam,9,5,2008,2008,PConc,7,0,885.0,2009,WD ,Normal,316500
20,8925,Pave,Inside,1Story,1Fam,8,5,2007,2007,PConc,7,0,610.0,2009,WD ,Normal,201000
20,11457,Pave,Corner,1Story,1Fam,6,5,1988,1988,CBlock,6,1,576.0,2009,WD ,Normal,175000
60,9839,Pave,CulDSac,2Story,1Fam,6,8,1980,2006,PConc,7,1,440.0,2009,WD ,Normal,204000
80,14419,Pave,Corner,SLvl,1Fam,7,5,1987,1989,PConc,7,1,578.0,2009,WD ,Normal,213500
20,6853,Pave,Inside,1Story,1Fam,8,5,2001,2002,PConc,6,0,471.0,2009,WD ,Normal,220000
60,9157,Pave,Corner,2Story,1Fam,7,5,2003,2003,PConc,9,0,486.0,2009,WD ,Abnorml,170000
20,14601,Pave,Inside,1Story,1Fam,9,5,2006,2006,PConc,8,1,765.0,2009,WD ,Normal,315000
20,12633,Pave,Inside,1Story,1Fam,9,5,2007,2007,PConc,7,1,920.0,2009,WD ,Normal,425000
20,12518,Pave,Inside,1Story,1Fam,5,7,1968,1968,CBlock,6,0,384.0,2009,WD ,Normal,139500
20,21750,Pave,Inside,1Story,1Fam,5,4,1960,2006,Slab,9,1,336.0,2009,WD ,Normal,115000
120,4500,Pave,FR2,1Story,TwnhsE,6,5,1998,1998,PConc,5,0,412.0,2009,WD ,Normal,162000
120,4500,Pave,FR2,1Story,TwnhsE,6,5,1999,1999,PConc,5,0,402.0,2009,WD ,Normal,165000
180,1596,Pave,Inside,SLvl,Twnhs,4,5,1973,1973,CBlock,5,0,297.0,2009,WD ,Normal,91000
20,9858,Pave,Inside,1Story,1Fam,5,6,1968,1968,CBlock,5,0,288.0,2009,WD ,Normal,130000
180,1526,Pave,Inside,SFoyer,Twnhs,4,8,1970,2002,CBlock,3,0,286.0,2009,WD ,Normal,86000
20,13383,Pave,Inside,1Story,1Fam,5,5,1969,2000,CBlock,7,1,504.0,2009,WD ,Normal,160000
180,1477,Pave,Inside,SFoyer,TwnhsE,4,4,1970,1970,CBlock,3,0,286.0,2009,WD ,Normal,80000
160,1533,Pave,Inside,2Story,Twnhs,4,6,1970,2008,CBlock,6,1,0.0,2009,WD ,Normal,97000
160,2217,Pave,Inside,2Story,TwnhsE,4,4,1970,1970,CBlock,6,0,286.0,2009,WD ,Normal,88000
85,7689,Pave,Inside,SFoyer,1Fam,5,8,1972,1972,CBlock,4,0,336.0,2009,WD ,Normal,131900
80,7706,Pave,Inside,SLvl,1Fam,6,5,1993,1996,CBlock,5,0,429.0,2009,WD ,Normal,131250
85,9101,Pave,Corner,SFoyer,1Fam,5,6,1978,1978,PConc,4,1,602.0,2009,WD ,Normal,165500
20,8780,Pave,Corner,1Story,1Fam,5,5,1985,1985,CBlock,5,0,0.0,2009,WD ,Normal,112000
85,7669,Pave,Inside,SFoyer,1Fam,5,6,1992,1993,PConc,5,1,698.0,2009,WD ,Normal,149000
50,14115,Pave,Inside,1.5Fin,1Fam,5,5,1993,1995,Wood,5,0,480.0,2009,WD ,Normal,143000
60,10429,Pave,Inside,2Story,1Fam,5,5,1992,1992,PConc,6,0,440.0,2009,WD ,Normal,130000
20,9819,Pave,Inside,1Story,1Fam,6,5,1977,1977,PConc,5,2,714.0,2009,WD ,Normal,196000
60,10457,Pave,Inside,2Story,1Fam,5,7,1969,1969,CBlock,7,1,898.0,2009,WD ,Normal,173000
20,11029,Pave,Corner,1Story,1Fam,6,8,1958,2002,CBlock,6,1,601.0,2008,WD ,Normal,176500
20,12925,Pave,Corner,1Story,1Fam,6,7,1970,1970,CBlock,7,2,550.0,2008,WD ,Normal,237500
60,11075,Pave,Inside,2Story,1Fam,6,5,1969,1969,CBlock,9,2,576.0,2008,WD ,Normal,206900
60,8702,Pave,Inside,2Story,1Fam,6,5,1997,1998,PConc,7,1,470.0,2008,WD ,Normal,187500
60,8139,Pave,Inside,2Story,1Fam,6,5,1995,1996,PConc,7,1,420.0,2008,WD ,Normal,165000
60,9535,Pave,Inside,2Story,1Fam,6,5,1998,1998,PConc,7,0,472.0,2008,WD ,Normal,195500
60,9042,Pave,Inside,2Story,1Fam,6,5,1998,1998,PConc,7,2,472.0,2008,WD ,Normal,192000
60,15038,Pave,Corner,2Story,1Fam,6,5,1996,1996,PConc,7,1,386.0,2008,WD ,Normal,173000
20,14137,Pave,Inside,1Story,1Fam,5,5,1996,1997,PConc,7,0,404.0,2008,WD ,Normal,177900
60,21872,Pave,FR2,2Story,1Fam,7,5,1996,1997,PConc,6,1,406.0,2008,WD ,Normal,175000
120,4923,Pave,Inside,1Story,TwnhsE,8,5,2001,2002,PConc,5,1,682.0,2008,WD ,Normal,286000
